question_id,question,reference_answer,reference_source,reference_source_type,reference_date,source_locator,topic,subtopic,AD_anchor,review_decision,reviewer_note,reviewer_id,review_date
ADQ-06bef4f0b87f,Is donepezil effective and safe for people with Down syndrome who develop Alzheimer's dementia?,To date there is only one small randomised controlled study on the effect of donepezil.,Cochrane Database of Systematic Reviews; Cochrane Database Syst Rev. 2009 Jan 21;2009(1):CD007178. doi: 10.1002/14651858.CD007178.pub2.,peer_reviewed_evidence_synthesis,2009-01,PMID:19160328 | CD007178.pub2 | doi:10.1002/14651858.CD007178.pub2,treatment,pharmacological,True,,,,
ADQ-0973ceb82fdc,Can older people with dementia safely stop taking antipsychotic medications?,Our findings suggest that many older people with Alzheimer's dementia and NPS can be withdrawn from chronic antipsychotic medication without detrimental effects on their behaviour.,Cochrane Database of Systematic Reviews; Cochrane Database Syst Rev. 2013 Mar 28;(3):CD007726. doi: 10.1002/14651858.CD007726.pub2.,peer_reviewed_evidence_synthesis,2013-03,PMID:23543555 | CD007726.pub2 | doi:10.1002/14651858.CD007726.pub2,management,neuropsychiatric_symptoms,True,,,,
ADQ-0b4ae985106f,"Do atypical antipsychotics help reduce aggression, agitation, and psychosis in Alzheimer's patients?","Evidence suggests that risperidone and olanzapine are useful in reducing aggression and risperidone reduces psychosis, but both are associated with serious adverse cerebrovascular events and extra-pyramidal symptoms.",Cochrane Database of Systematic Reviews; Cochrane Database Syst Rev. 2006 Jan 25;2006(1):CD003476. doi: 10.1002/14651858.CD003476.pub2.,peer_reviewed_evidence_synthesis,2006-01,PMID:16437455 | CD003476.pub2 | doi:10.1002/14651858.CD003476.pub2,management,neuropsychiatric_symptoms,True,,,,
ADQ-0b9699a5ae80,Does donepezil improve cognitive function in people with Alzheimer's disease?,"There is moderate-quality evidence that people with mild, moderate or severe dementia due to Alzheimer's disease treated for periods of 12 or 24 weeks with donepezil experience small benefits in cognitive function, activities of daily...",Cochrane Database of Systematic Reviews; Cochrane Database Syst Rev. 2018 Jun 18;6(6):CD001190. doi: 10.1002/14651858.CD001190.pub3.,peer_reviewed_evidence_synthesis,2018-06,PMID:29923184 | CD001190.pub3 | doi:10.1002/14651858.CD001190.pub3,treatment,pharmacological,True,,,,
ADQ-0d06ba3b3c4c,Is ibuprofen effective in treating Alzheimer's disease?,No evidence yet exists from randomized double-blind and placebo-controlled trials on whether ibuprofen is efficacious for patients diagnosed as having Alzheimer's disease.,Cochrane Database of Systematic Reviews; Cochrane Database Syst Rev. 2003;(2):CD004031. doi: 10.1002/14651858.CD004031.,peer_reviewed_evidence_synthesis,2003,PMID:12804498 | CD004031 | doi:10.1002/14651858.CD004031,treatment,pharmacological,True,,,,
ADQ-0d3b934ecb62,Are cholinesterase inhibitors effective for treating mild to moderate Alzheimer's disease?,The three cholinesterase inhibitors are efficacious for mild to moderate Alzheimer's disease.,Cochrane Database of Systematic Reviews; Cochrane Database Syst Rev. 2006 Jan 25;2006(1):CD005593. doi: 10.1002/14651858.CD005593.,peer_reviewed_evidence_synthesis,2006-01,PMID:16437532 | CD005593 | doi:10.1002/14651858.CD005593,treatment,pharmacological,True,,,,
ADQ-12073e0abbd2,Are antidepressants effective and safe for treating agitation and psychosis in older adults with dementia?,Currently there are relatively few studies of antidepressants for the treatment of agitation and psychosis in dementia.,Cochrane Database of Systematic Reviews; Cochrane Database Syst Rev. 2011 Feb 16;(2):CD008191. doi: 10.1002/14651858.CD008191.pub2.,peer_reviewed_evidence_synthesis,2011-02,PMID:21328305 | CD008191.pub2 | doi:10.1002/14651858.CD008191.pub2,management,neuropsychiatric_symptoms,True,,,,
ADQ-1b40adeef897,Do aspirin and anti-inflammatory drugs effectively treat Alzheimer's disease?,"Based on the studies carried out so far, the efficacy of aspirin, steroid and NSAIDs (traditional NSAIDs and COX-2 inhibitors) is not proven.",Cochrane Database of Systematic Reviews; Cochrane Database Syst Rev. 2012 Feb 15;2012(2):CD006378. doi: 10.1002/14651858.CD006378.pub2.,peer_reviewed_evidence_synthesis,2012-02,PMID:22336816 | CD006378.pub2 | doi:10.1002/14651858.CD006378.pub2,treatment,pharmacological,True,,,,
ADQ-1e23066e9721,Is the Mini-Cog test accurate for detecting dementia in secondary care settings?,Those identified were at high risk of bias related to patient selection and high concerns related to index test conduct and applicability.,Cochrane Database of Systematic Reviews; Cochrane Database Syst Rev. 2021 Jul 14;7(7):CD011414. doi: 10.1002/14651858.CD011414.pub3.,peer_reviewed_evidence_synthesis,2021-07,PMID:34260060 | CD011414.pub3 | doi:10.1002/14651858.CD011414.pub3,diagnosis,diagnostic_accuracy,True,,,,
ADQ-1fc7663325a5,Does Souvenaid improve cognitive function in people with Alzheimer's disease?,Two years of treatment with Souvenaid probably does not reduce the risk of progression to dementia in people with prodromal AD.,Cochrane Database of Systematic Reviews; Cochrane Database Syst Rev. 2020 Dec 15;12(12):CD011679. doi: 10.1002/14651858.CD011679.pub2.,peer_reviewed_evidence_synthesis,2020-12,PMID:33320335 | CD011679.pub2 | doi:10.1002/14651858.CD011679.pub2,epidemiology,risk_and_frequency,True,,,,
ADQ-20f340a68619,Does continuing cholinesterase inhibitors improve outcomes for people with dementia compared to stopping them?,"As all participants had dementia due to Alzheimer's disease, our findings are not transferable to other dementia types.",Cochrane Database of Systematic Reviews; Cochrane Database Syst Rev. 2021 Feb 3;2(2):CD009081. doi: 10.1002/14651858.CD009081.pub2.,peer_reviewed_evidence_synthesis,2021-02,PMID:35608903 | CD009081.pub2 | doi:10.1002/14651858.CD009081.pub2,management,caregiving,True,,,,
ADQ-2471c8c0f154,Do health and social interventions effectively support carers of people with Alzheimer's-type dementias?,"With the limited nature of the research evidence in mind, it is not possible to recommend either wholesale investment in caregiver support programmes or withdrawal of the same.",Cochrane Database of Systematic Reviews; Cochrane Database Syst Rev. 2007 Jul 18;(3):CD000454. doi: 10.1002/14651858.CD000454.,peer_reviewed_evidence_synthesis,2007-07,PMID:17636637 | CD000454 | doi:10.1002/14651858.CD000454,management,caregiving,True,,,,
ADQ-267ce9358a69,Do cholinesterase inhibitors improve cognitive function in patients with rarer dementias?,"The sample sizes of most included trials were small, and some of the results were extracted from only one study.",Cochrane Database of Systematic Reviews; Cochrane Database Syst Rev. 2015 Mar 3;2015(3):CD009444. doi: 10.1002/14651858.CD009444.pub3.,peer_reviewed_evidence_synthesis,2015-03,PMID:25734590 | CD009444.pub3 | doi:10.1002/14651858.CD009444.pub3,epidemiology,risk_and_frequency,True,,,,
ADQ-2914e16813f7,Is the Mini-Mental State Examination effective in predicting dementia in individuals with mild cognitive impairment?,Our review did not find evidence supporting a substantial role of MMSE as a stand-alone single-administration test in the identification of MCI patients who could develop dementia.,Cochrane Database of Systematic Reviews; Cochrane Database Syst Rev. 2015 Mar 5;2015(3):CD010783. doi: 10.1002/14651858.CD010783.pub2.,peer_reviewed_evidence_synthesis,2015-03,PMID:25740785 | CD010783.pub2 | doi:10.1002/14651858.CD010783.pub2,diagnosis,diagnostic_accuracy,True,,,,
ADQ-2bd673ac07c4,Can ¹⁸F-FDG PET scans accurately predict the progression of mild cognitive impairment to Alzheimer's disease?,It is difficult to determine to what extent the findings from the meta-analysis can be applied to clinical practice.,Cochrane Database of Systematic Reviews; Cochrane Database Syst Rev. 2015 Jan 28;1(1):CD010632. doi: 10.1002/14651858.CD010632.pub2.,peer_reviewed_evidence_synthesis,2015-01,PMID:25629415 | CD010632.pub2 | doi:10.1002/14651858.CD010632.pub2,diagnosis,biomarkers,True,,,,
ADQ-312855c07555,Is rivastigmine effective and safe for treating Alzheimer's dementia in people with Down Syndrome?,"As there are no included trials, recommendations cannot be made about rivastigmine for AD in DS.",Cochrane Database of Systematic Reviews; Cochrane Database Syst Rev. 2009 Jan 21;2009(1):CD007658. doi: 10.1002/14651858.CD007658.,peer_reviewed_evidence_synthesis,2009-01,PMID:19160344 | CD007658 | doi:10.1002/14651858.CD007658,treatment,pharmacological,True,,,,
ADQ-31c3005691db,Is rivastigmine effective and safe for treating Alzheimer's disease?,Rivastigmine (6 to 12 mg daily orally or 9.5 mg daily transdermally) appears to be beneficial for people with mild to moderate Alzheimer's disease.,Cochrane Database of Systematic Reviews; Cochrane Database Syst Rev. 2015 Sep 22;9(9):CD001191. doi: 10.1002/14651858.CD001191.pub4.,peer_reviewed_evidence_synthesis,2015-09,PMID:26393402 | CD001191.pub4 | doi:10.1002/14651858.CD001191.pub4,treatment,pharmacological,True,,,,
ADQ-35ee11c27606,Does latrepirdine improve cognition and function in Alzheimer's disease?,"Our meta-analysis is limited by the small number of studies, imprecision, inconsistencies between studies and likelihood of bias.",Cochrane Database of Systematic Reviews; Cochrane Database Syst Rev. 2015 Apr 21;2015(4):CD009524. doi: 10.1002/14651858.CD009524.pub2.,peer_reviewed_evidence_synthesis,2015-04,PMID:25897825 | CD009524.pub2 | doi:10.1002/14651858.CD009524.pub2,treatment,pharmacological,True,,,,
ADQ-37b7f87b907d,Is velnacrine effective and safe for treating Alzheimer's disease?,There has been no research into the use of velnacrine as a cognitive enhancer in the treatment of Alzheimer's disease since 1994.,Cochrane Database of Systematic Reviews; Cochrane Database Syst Rev. 2004;(2):CD004748. doi: 10.1002/14651858.CD004748.,peer_reviewed_evidence_synthesis,2004,PMID:15106259 | CD004748 | doi:10.1002/14651858.CD004748,treatment,pharmacological,True,,,,
ADQ-3bb540a2dd92,Does lecithin help in treating dementia or cognitive impairment?,Evidence from randomized trials does not support the use of lecithin in the treatment of patients with dementia.,Cochrane Database of Systematic Reviews; Cochrane Database Syst Rev. 2003;(3):CD001015. doi: 10.1002/14651858.CD001015.,peer_reviewed_evidence_synthesis,2003,PMID:12917896 | CD001015 | doi:10.1002/14651858.CD001015,treatment,pharmacological,True,,,,
ADQ-3c429a38313a,Does vitamin B12 supplementation improve cognitive function in elderly people?,Evidence of any efficacy of vitamin B12 in improving the cognitive function of people with dementia and low serum B12 levels is insufficient.,Cochrane Database of Systematic Reviews; Cochrane Database Syst Rev. 2003;(3):CD004326. doi: 10.1002/14651858.CD004326.,peer_reviewed_evidence_synthesis,2003,PMID:12918012 | CD004326 | doi:10.1002/14651858.CD004326,prevention,risk_reduction,True,,,,
ADQ-3d7734df06bb,Does galantamine improve cognitive function in patients with vascular dementia?,Limited data were available when considering the impact of galantamine on vascular dementia or vascular cognitive impairment.,Cochrane Database of Systematic Reviews; Cochrane Database Syst Rev. 2006 Jan 25;2006(1):CD004746. doi: 10.1002/14651858.CD004746.pub2.,peer_reviewed_evidence_synthesis,2006-01,PMID:16437493 | CD004746.pub2 | doi:10.1002/14651858.CD004746.pub2,treatment,pharmacological,True,,,,
ADQ-3e1770b0f392,Can pharmacotherapies effectively treat apathy in Alzheimer's disease?,"Methylphenidate may demonstrate a benefit for apathy and may have slight benefits for cognition and functional performance in people with AD, but this finding is associated with low-quality evidence.",Cochrane Database of Systematic Reviews; Cochrane Database Syst Rev. 2018 May 4;5(5):CD012197. doi: 10.1002/14651858.CD012197.pub2.,peer_reviewed_evidence_synthesis,2018-05,PMID:29727467 | CD012197.pub2 | doi:10.1002/14651858.CD012197.pub2,management,neuropsychiatric_symptoms,True,,,,
ADQ-3f049cd4bc2d,Do statins improve cognitive function in Alzheimer's disease or vascular dementia?,"Analyses from the studies available, including two large randomised controlled trials, indicate that statins have no benefit on the primary outcome measures of ADAS-Cog or MMSE.",Cochrane Database of Systematic Reviews; Cochrane Database Syst Rev. 2014 Jul 8;(7):CD007514. doi: 10.1002/14651858.CD007514.pub3.,peer_reviewed_evidence_synthesis,2014-07,PMID:25004278 | CD007514.pub3 | doi:10.1002/14651858.CD007514.pub3,mechanism,genetics,True,,,,
ADQ-44d10f70273f,Is the (11)C-PIB-PET scan effective in diagnosing early Alzheimer's disease dementia?,"Although the good sensitivity achieved in some included studies is promising for the value of (11)C-PIB-PET, given the heterogeneity in the conduct and interpretation of the test and the lack of defined thresholds for determination of test...",Cochrane Database of Systematic Reviews; Cochrane Database Syst Rev. 2014 Jul 23;2014(7):CD010386. doi: 10.1002/14651858.CD010386.pub2.,peer_reviewed_evidence_synthesis,2014-07,PMID:25052054 | CD010386.pub2 | doi:10.1002/14651858.CD010386.pub2,diagnosis,biomarkers,True,,,,
ADQ-48a772fb22fc,Does vitamin E help improve cognitive function in people with mild cognitive impairment or Alzheimer's disease?,"We found no evidence that the alpha-tocopherol form of vitamin E given to people with MCI prevents progression to dementia, or that it improves cognitive function in people with MCI or dementia due to AD.",Cochrane Database of Systematic Reviews; Cochrane Database Syst Rev. 2017 Apr 18;4(4):CD002854. doi: 10.1002/14651858.CD002854.pub5.,peer_reviewed_evidence_synthesis,2017-04,PMID:28418065 | CD002854.pub5 | doi:10.1002/14651858.CD002854.pub5,treatment,pharmacological,True,,,,
ADQ-4ad8a5197cc5,Is rivastigmine effective in treating vascular cognitive impairment or vascular dementia?,There is some evidence of benefit of rivastigmine in VCI from trial data from three studies.,Cochrane Database of Systematic Reviews; Cochrane Database Syst Rev. 2013 May 31;(5):CD004744. doi: 10.1002/14651858.CD004744.pub3.,peer_reviewed_evidence_synthesis,2013-05,PMID:23728651 | CD004744.pub3 | doi:10.1002/14651858.CD004744.pub3,treatment,pharmacological,True,,,,
ADQ-4c5ced141d11,What is (are) Alzheimer disease ?,"Alzheimer disease (AD) is a degenerative disease of the brain that causes gradual loss of memory, judgment, and the ability to function socially.","NIH GARD (via MedQuAD, CC BY 4.0)",government_public_health,2026-09,MedQuAD:2_GARD_QA/0000269 | qid:0000269-1 | CUI:C0002395 | https://rarediseases.info.nih.gov/gard/10254/alzheimer-disease,disease_characteristics,definition,True,,,,
ADQ-4ecba3717252,Is Acetyl-l-carnitine effective in treating dementia?,"There is evidence for benefit of ALC on clinical global impression, but there was no evidence using objective assessments in any other area of outcome.",Cochrane Database of Systematic Reviews; Cochrane Database Syst Rev. 2003;2003(2):CD003158. doi: 10.1002/14651858.CD003158.,peer_reviewed_evidence_synthesis,2003,PMID:12804452 | CD003158 | doi:10.1002/14651858.CD003158,treatment,pharmacological,True,,,,
ADQ-538943ed5228,Is the Mini-Cog an accurate tool for detecting dementia in primary care settings?,There is a limited number of studies evaluating the accuracy of the Mini-Cog for the diagnosis of dementia in primary care settings.,Cochrane Database of Systematic Reviews; Cochrane Database Syst Rev. 2021 Jul 14;7(7):CD011415. doi: 10.1002/14651858.CD011415.pub3.,peer_reviewed_evidence_synthesis,2021-07,PMID:34261197 | CD011415.pub3 | doi:10.1002/14651858.CD011415.pub3,diagnosis,diagnostic_accuracy,True,,,,
ADQ-54ab8afdcbc4,Are cholinesterase inhibitors effective for improving cognition in people with vascular cognitive impairment?,"We found moderate- to high-certainty evidence that donepezil 5 mg, donepezil 10 mg, and galantamine have a slight beneficial effect on cognition in people with VCI, although the size of the change is unlikely to be clinically important.",Cochrane Database of Systematic Reviews; Cochrane Database Syst Rev. 2021 Feb 22;2(2):CD013306. doi: 10.1002/14651858.CD013306.pub2.,peer_reviewed_evidence_synthesis,2021-02,PMID:33704781 | CD013306.pub2 | doi:10.1002/14651858.CD013306.pub2,treatment,pharmacological,True,,,,
ADQ-5a47aa491771,Is physostigmine effective for treating symptoms of Alzheimer's disease?,The evidence of effectiveness of physostigmine for the symptomatic treatment of Alzheimer's disease is limited.,Cochrane Database of Systematic Reviews; Cochrane Database Syst Rev. 2001;2001(2):CD001499. doi: 10.1002/14651858.CD001499.,peer_reviewed_evidence_synthesis,2001,PMID:11405996 | CD001499 | doi:10.1002/14651858.CD001499,epidemiology,risk_and_frequency,True,,,,
ADQ-68e24e06906f,What are the genetic changes related to Alzheimer disease ?,Most cases of early-onset Alzheimer disease are caused by gene mutations that can be passed from parent to child.,"NIH GHR (via MedQuAD, CC BY 4.0)",government_public_health,2026-09,MedQuAD:3_GHR_QA/0000048 | qid:0000048-3 | CUI:C0002395 | https://ghr.nlm.nih.gov/condition/alzheimer-disease,mechanism,genetics,True,,,,
ADQ-6b236b38ecb9,Is nicergoline effective in treating dementia and cognitive decline in older adults?,The clinical studies on nicergoline were carried out with diverse criteria and modalities of evaluation.,Cochrane Database of Systematic Reviews; Cochrane Database Syst Rev. 2001;2001(4):CD003159. doi: 10.1002/14651858.CD003159.,peer_reviewed_evidence_synthesis,2001,PMID:11687175 | CD003159 | doi:10.1002/14651858.CD003159,treatment,pharmacological,True,,,,
ADQ-6cf39cb82e69,What are the treatments for Alzheimer's Caregiving ?,"Currently, no medication can cure Alzheimers disease, but four medicines are approved to treat the symptoms of the disease. - Aricept (donezepil)for all stages of Alzheimers - Exelon (rivastigmine)for mild to moderate Alzheimers - Razadyne...","NIH NIHSeniorHealth (via MedQuAD, CC BY 4.0)",government_public_health,2026-09,MedQuAD:7_SeniorHealth_QA/0000003 | qid:0000003-14 | CUI:C0002395 | http://nihseniorhealth.gov/alzheimerscare/toc.html,management,caregiving,True,,,,
ADQ-6d4d6b4a05f1,Can transcutaneous electrical nerve stimulation (TENS) improve symptoms of dementia?,"Although a number of studies suggest that TENS may produce short lived improvements in some neuropsychological or behavioural aspects of dementia, the limited presentation and availability of data from these studies does not allow definite...",Cochrane Database of Systematic Reviews; Cochrane Database Syst Rev. 2003;2003(3):CD004032. doi: 10.1002/14651858.CD004032.,peer_reviewed_evidence_synthesis,2003,PMID:12917999 | CD004032 | doi:10.1002/14651858.CD004032,treatment,non_pharmacological,True,,,,
ADQ-6de417cf1fc3,Is huperzine A effective and safe for treating mild cognitive impairment?,The currently available evidence is insufficient to assess the potential for huperzine A in the treatment of MCI.,Cochrane Database of Systematic Reviews; Cochrane Database Syst Rev. 2012 Dec 12;12(12):CD008827. doi: 10.1002/14651858.CD008827.pub2.,peer_reviewed_evidence_synthesis,2012-12,PMID:23235666 | CD008827.pub2 | doi:10.1002/14651858.CD008827.pub2,treatment,pharmacological,True,,,,
ADQ-6fa252b11b5c,Does DHEA or DHEAS improve cognitive function in older adults or those with dementia?,The data offer no support at present for an improvement in memory or other aspects of cognitive function following DHEA treatment in normal older people.,Cochrane Database of Systematic Reviews; Cochrane Database Syst Rev. 2007 Jul 18;2006(2):CD000304. doi: 10.1002/14651858.CD000304.pub2.,peer_reviewed_evidence_synthesis,2007-07,PMID:17636627 | CD000304.pub2 | doi:10.1002/14651858.CD000304.pub2,general,unclassified,True,,,,
ADQ-703385fe70e7,Does selegiline improve the well-being of patients with Alzheimer's disease?,"Despite its initial promise, ie the potential neuroprotective properties, and its role in the treatment of Parkinson's disease sufferers, selegiline for Alzheimer's disease has proved disappointing.",Cochrane Database of Systematic Reviews; Cochrane Database Syst Rev. 2003;(1):CD000442. doi: 10.1002/14651858.CD000442.,peer_reviewed_evidence_synthesis,2003,PMID:12535396 | CD000442 | doi:10.1002/14651858.CD000442,general,unclassified,True,,,,
ADQ-79083820f4f2,Is indomethacin effective in treating Alzheimer's disease?,"On the basis of this one trial and subsequent analysis of data as reported by the authors, indomethacin cannot be recommended for the treatment of mild to moderate severity Alzheimer's disease.",Cochrane Database of Systematic Reviews; Cochrane Database Syst Rev. 2002;2002(2):CD003673. doi: 10.1002/14651858.CD003673.,peer_reviewed_evidence_synthesis,2002,PMID:12076498 | CD003673 | doi:10.1002/14651858.CD003673,treatment,pharmacological,True,,,,
ADQ-79e66403c45c,Is Alzheimer disease inherited ?,"The early-onset form of Alzheimer disease is inherited in an autosomal dominant pattern, which means one copy of the altered gene in each cell is sufficient to cause the disorder.","NIH GHR (via MedQuAD, CC BY 4.0)",government_public_health,2026-09,MedQuAD:3_GHR_QA/0000048 | qid:0000048-4 | CUI:C0002395 | https://ghr.nlm.nih.gov/condition/alzheimer-disease,mechanism,genetics,True,,,,
ADQ-7c94dbae578f,Are plasma and CSF Aß levels accurate for detecting patients with mild cognitive impairment who will develop Alzheimer's disease dementia?,"The proposed diagnostic criteria for prodromal dementia and MCI due to Alzheimer's disease, although still being debated, would be fulfilled where there is both core clinical and cognitive criteria and a single biomarker abnormality.",Cochrane Database of Systematic Reviews; Cochrane Database Syst Rev. 2014 Jun 10;2014(6):CD008782. doi: 10.1002/14651858.CD008782.pub4.,peer_reviewed_evidence_synthesis,2014-06,PMID:24913723 | CD008782.pub4 | doi:10.1002/14651858.CD008782.pub4,diagnosis,biomarkers,True,,,,
ADQ-7f02400764e8,Is structural MRI effective for the early diagnosis of dementia due to Alzheimer's disease in people with mild cognitive impairment?,"The volume of hippocampus or medial temporal lobe, the most studied brain regions, showed low sensitivity and specificity and did not qualify structural MRI as a stand-alone add-on test for an early diagnosis of dementia due to Alzheimer's...",Cochrane Database of Systematic Reviews; Cochrane Database Syst Rev. 2020 Mar 2;3(3):CD009628. doi: 10.1002/14651858.CD009628.pub2.,peer_reviewed_evidence_synthesis,2020-03,PMID:32119112 | CD009628.pub2 | doi:10.1002/14651858.CD009628.pub2,diagnosis,diagnostic_accuracy,True,,,,
ADQ-80dba91f533e,Are anti-dementia medications effective in treating cognitive decline in people with Down syndrome?,"Due to the low quality of the body of evidence in this review, it is difficult to draw conclusions about the effectiveness of any pharmacological intervention for cognitive decline in people with Down syndrome.",Cochrane Database of Systematic Reviews; Cochrane Database Syst Rev. 2015 Oct 29;2015(10):CD011546. doi: 10.1002/14651858.CD011546.pub2.,peer_reviewed_evidence_synthesis,2015-10,PMID:26513128 | CD011546.pub2 | doi:10.1002/14651858.CD011546.pub2,treatment,pharmacological,True,,,,
ADQ-8198b2f829b0,Are antipsychotics effective for treating agitation and psychosis in dementia patients?,There is some evidence that typical antipsychotics might decrease agitation and psychosis slightly in patients with dementia.,Cochrane Database of Systematic Reviews; Cochrane Database Syst Rev. 2021 Dec 17;12(12):CD013304. doi: 10.1002/14651858.CD013304.pub2.,peer_reviewed_evidence_synthesis,2021-12,PMID:34918337 | CD013304.pub2 | doi:10.1002/14651858.CD013304.pub2,management,neuropsychiatric_symptoms,True,,,,
ADQ-892088c1c429,Does cognitive training improve outcomes for people with mild Alzheimer's disease or vascular dementia?,"Available evidence regarding cognitive training remains limited, and the quality of the evidence needs to improve.",Cochrane Database of Systematic Reviews; Cochrane Database Syst Rev. 2013 Jun 5;2013(6):CD003260. doi: 10.1002/14651858.CD003260.pub2.,peer_reviewed_evidence_synthesis,2013-06,PMID:23740535 | CD003260.pub2 | doi:10.1002/14651858.CD003260.pub2,management,caregiving,True,,,,
ADQ-8aac0455c4a7,Is the Mini-Cog an effective test for detecting dementia in community settings?,There are currently few studies assessing the diagnostic test accuracy of the Mini-Cog in community settings.,Cochrane Database of Systematic Reviews; Cochrane Database Syst Rev. 2021 Jul 14;7(7):CD010860. doi: 10.1002/14651858.CD010860.pub3.,peer_reviewed_evidence_synthesis,2021-07,PMID:34259337 | CD010860.pub3 | doi:10.1002/14651858.CD010860.pub3,diagnosis,diagnostic_accuracy,True,,,,
ADQ-8cef76b68a6f,Is tacrine an effective treatment for the symptoms of Alzheimer's disease?,"However, as so few trials presented data in a format suitable for pooling, the results of this review may be modified when further data from all relevant trials are included.",Cochrane Database of Systematic Reviews; Cochrane Database Syst Rev. 2007 Jul 18;(3):CD000202. doi: 10.1002/14651858.CD000202.,peer_reviewed_evidence_synthesis,2007-07,PMID:17636619 | CD000202 | doi:10.1002/14651858.CD000202,treatment,pharmacological,True,,,,
ADQ-8e3b1dcc4781,Is there a reliable method to predict the progression from mild cognitive impairment to Alzheimer's disease?,"Due to the varying sensitivity and specificity for predicting the progression from MCI to ADD and the limited data available, we cannot recommend routine use of",Cochrane Database of Systematic Reviews; Cochrane Database Syst Rev. 2017 Nov 22;11(11):CD012884. doi: 10.1002/14651858.CD012884.,peer_reviewed_evidence_synthesis,2017-11,PMID:29164602 | CD012884 | doi:10.1002/14651858.CD012884,disease_course,progression,True,,,,
ADQ-9031883a8237,Does donepezil improve cognitive function in people with vascular cognitive impairment?,"Evidence from the available studies support the benefit of donepezil in improving cognition function, clinical global impression and activities of daily living in patients with probable or possible mild to moderate vascular cognitive...",Cochrane Database of Systematic Reviews; Cochrane Database Syst Rev. 2004;(1):CD004395. doi: 10.1002/14651858.CD004395.pub2.,peer_reviewed_evidence_synthesis,2004,PMID:14974068 | CD004395.pub2 | doi:10.1002/14651858.CD004395.pub2,treatment,pharmacological,True,,,,
ADQ-913109be87ae,Does vitamin B6 supplementation reduce the risk of cognitive impairment in older adults?,"For the older people included in one of the two trials included in the review, oral vitamin B6 supplements improved biochemical indices of vitamin B6 status, but potential effects on blood homocysteine levels were not assessed in either...",Cochrane Database of Systematic Reviews; Cochrane Database Syst Rev. 2003;(4):CD004393. doi: 10.1002/14651858.CD004393.,peer_reviewed_evidence_synthesis,2003,PMID:14584010 | CD004393 | doi:10.1002/14651858.CD004393,diagnosis,diagnostic_accuracy,True,,,,
ADQ-97437d71e5f8,Is Huperzine A effective and safe for treating Alzheimer's disease?,"From the available evidence, Huperzine A seems to have some beneficial effects on improvement of general cognitive function, global clinical status, behavioral disturbance and functional performance, with no obvious serious adverse events...",Cochrane Database of Systematic Reviews; Cochrane Database Syst Rev. 2008 Apr 16;(2):CD005592. doi: 10.1002/14651858.CD005592.pub2.,peer_reviewed_evidence_synthesis,2008-04,PMID:18425924 | CD005592.pub2 | doi:10.1002/14651858.CD005592.pub2,treatment,pharmacological,True,,,,
ADQ-974d2e694e78,Does lowering blood pressure in older adults prevent cognitive decline and dementia?,There is no convincing evidence from the trials identified that blood pressure lowering in late-life prevents the development of dementia or cognitive impairment in hypertensive patients with no apparent prior cerebrovascular disease.,Cochrane Database of Systematic Reviews; Cochrane Database Syst Rev. 2009 Oct 7;2009(4):CD004034. doi: 10.1002/14651858.CD004034.pub3.,peer_reviewed_evidence_synthesis,2009-10,PMID:19821318 | CD004034.pub3 | doi:10.1002/14651858.CD004034.pub3,prevention,risk_reduction,True,,,,
ADQ-9fa3d7c73c53,Is metrifonate effective for improving symptoms in patients with Alzheimer's disease?,"Metrifonate given once per day appears to be related to clinical response in cognition, global improvement, and activities of daily living in patients with mild to moderate Alzheimer's disease.",Cochrane Database of Systematic Reviews; Cochrane Database Syst Rev. 2006 Apr 19;(2):CD003155. doi: 10.1002/14651858.CD003155.pub3.,peer_reviewed_evidence_synthesis,2006-04,PMID:16625573 | CD003155.pub3 | doi:10.1002/14651858.CD003155.pub3,disease_course,progression,True,,,,
ADQ-a0ff5baee806,Is propentofylline effective and safe for treating dementia?,"There is limited evidence that propentofylline might benefit cognition, global function and activities of daily living of people with Alzheimer's disease and/or vascular dementia.",Cochrane Database of Systematic Reviews; Cochrane Database Syst Rev. 2003;(2):CD002853. doi: 10.1002/14651858.CD002853.,peer_reviewed_evidence_synthesis,2003,PMID:12804440 | CD002853 | doi:10.1002/14651858.CD002853,treatment,pharmacological,True,,,,
ADQ-a25fc5f4d73e,Does memantine provide benefits for people with dementia?,We found important differences in the efficacy of memantine in mild AD compared to that in moderate-to-severe AD.,Cochrane Database of Systematic Reviews; Cochrane Database Syst Rev. 2019 Mar 20;3(3):CD003154. doi: 10.1002/14651858.CD003154.pub6.,peer_reviewed_evidence_synthesis,2019-03,PMID:30891742 | CD003154.pub6 | doi:10.1002/14651858.CD003154.pub6,treatment,pharmacological,True,,,,
ADQ-a284d6f2d590,Is trazodone effective and safe for treating behavioral issues in people with dementia?,There is insufficient evidence to recommend the use of trazodone as a treatment for behavioural and psychological manifestations of dementia.,Cochrane Database of Systematic Reviews; Cochrane Database Syst Rev. 2004 Oct 18;(4):CD004990. doi: 10.1002/14651858.CD004990.,peer_reviewed_evidence_synthesis,2004-10,PMID:15495135 | CD004990 | doi:10.1002/14651858.CD004990,diagnosis,diagnostic_accuracy,True,,,,
ADQ-a3393701b10e,Is D-cycloserine effective for treating Alzheimer's disease?,The lack of a positive effect of D-cycloserine on cognitive outcomes in controlled clinical trials with statistical power high enough to detect a clinically meaningful effect means that D-cycloserine has no place in the treatment of...,Cochrane Database of Systematic Reviews; Cochrane Database Syst Rev. 2002;2002(2):CD003153. doi: 10.1002/14651858.CD003153.,peer_reviewed_evidence_synthesis,2002,PMID:12076471 | CD003153 | doi:10.1002/14651858.CD003153,treatment,pharmacological,True,,,,
ADQ-ad2a8ab0fa39,Do Special Care Units improve behavioral problems in dementia patients?,"There are no identified RCTs investigating the effects of SCUs on behavioural symptoms in dementia, and no strong evidence of benefit from the available non-RCTs.",Cochrane Database of Systematic Reviews; Cochrane Database Syst Rev. 2009 Oct 7;(4):CD006470. doi: 10.1002/14651858.CD006470.pub2.,peer_reviewed_evidence_synthesis,2009-10,PMID:19821370 | CD006470.pub2 | doi:10.1002/14651858.CD006470.pub2,management,neuropsychiatric_symptoms,True,,,,
ADQ-b255b8b7cecb,What is (are) Alzheimer's Caregivers ?,Caring for someone who has Alzheimer's disease (AD) can be stressful and overwhelming.,"NIH MPlusHealthTopics (via MedQuAD, CC BY 4.0)",government_public_health,2026-09,MedQuAD:4_MPlus_Health_Topics_QA/0000024 | qid:0000024-1 | CUI:C0002395 | https://www.nlm.nih.gov/medlineplus/alzheimerscaregivers.html,management,caregiving,True,,,,
ADQ-b5a40d6439a2,Are pharmacological or non-pharmacological treatments effective for epilepsy in people with Alzheimer's disease?,"Regarding efficacy and tolerability, no significant differences were found between levetiracetam, phenobarbital and lamotrigine.",Cochrane Database of Systematic Reviews; Cochrane Database Syst Rev. 2021 May 11;5(5):CD011922. doi: 10.1002/14651858.CD011922.pub4.,peer_reviewed_evidence_synthesis,2021-05,PMID:33973646 | CD011922.pub4 | doi:10.1002/14651858.CD011922.pub4,treatment,pharmacological,True,,,,
ADQ-b72057cf3101,How to prevent Alzheimer's Disease ?,"Currently, no medicines or other treatments are known to prevent Alzheimers disease, but scientists are studying many possibilities.","NIH NIHSeniorHealth (via MedQuAD, CC BY 4.0)",government_public_health,2026-09,MedQuAD:7_SeniorHealth_QA/0000004 | qid:0000004-4 | CUI:C0002395 | http://nihseniorhealth.gov/alzheimersdisease/toc.html,prevention,risk_reduction,True,,,,
ADQ-b8edbd81b12a,Are metal protein attenuating compounds effective for treating cognitive impairment in Alzheimer's dementia?,"There is an absence of evidence as to whether clioquinol (PBT1) has any positive clinical benefit for patients with AD, or whether the drug is safe.",Cochrane Database of Systematic Reviews; Cochrane Database Syst Rev. 2014 Feb 21;(2):CD005380. doi: 10.1002/14651858.CD005380.pub5.,peer_reviewed_evidence_synthesis,2014-02,PMID:24563468 | CD005380.pub5 | doi:10.1002/14651858.CD005380.pub5,treatment,pharmacological,True,,,,
ADQ-b9c484e060fe,Is hydergine effective in treating patients with possible dementia?,"As in an earlier systematic review, we found hydergine to show significant treatment effects when assessed by either global ratings or comprehensive rating scales (based here on a smaller set of trials than in the earlier published...",Cochrane Database of Systematic Reviews; Cochrane Database Syst Rev. 2001;(2):CD000359. doi: 10.1002/14651858.CD000359.,peer_reviewed_evidence_synthesis,2001,PMID:11405961 | CD000359 | doi:10.1002/14651858.CD000359,treatment,pharmacological,True,,,,
ADQ-bcd532d64bbc,Does estrogen replacement therapy help improve cognitive function in postmenopausal women with dementia?,"Currently, HRT or ERT for cognitive improvement or maintenance is not indicated for women with AD.",Cochrane Database of Systematic Reviews; Cochrane Database Syst Rev. 2009 Jan 21;2009(1):CD003799. doi: 10.1002/14651858.CD003799.pub2.,peer_reviewed_evidence_synthesis,2009-01,PMID:19160224 | CD003799.pub2 | doi:10.1002/14651858.CD003799.pub2,treatment,non_pharmacological,True,,,,
ADQ-c53d5f40b0ba,"Is Early-onset, autosomal dominant Alzheimer disease inherited ?","Early-onset, autosomal dominant Alzheimer disease is inherited in an autosomal dominant manner.","NIH GARD (via MedQuAD, CC BY 4.0)",government_public_health,2026-09,MedQuAD:2_GARD_QA/0002013 | qid:0002013-2 | CUI:C0002395 | https://rarediseases.info.nih.gov/gard/12798/early-onset-autosomal-dominant-alzheimer-disease,mechanism,genetics,True,,,,
ADQ-cb62adb2c14d,Does dance movement therapy improve symptoms of dementia compared to no treatment or standard care?,"Due to the low certainty of the evidence, the true effects of DMT as an intervention for dementia may be substantially different from those found.",Cochrane Database of Systematic Reviews; Cochrane Database Syst Rev. 2023 Aug 7;8(8):CD011022. doi: 10.1002/14651858.CD011022.pub3.,peer_reviewed_evidence_synthesis,2023-08,PMID:37549216 | CD011022.pub3 | doi:10.1002/14651858.CD011022.pub3,management,neuropsychiatric_symptoms,True,,,,
ADQ-cde679d28855,"What is (are) Early-onset, autosomal dominant Alzheimer disease ?","Early-onset, autosomal dominant Alzheimer disease is a form of Alzheimer disease (AD) that develops before the age of 65.","NIH GARD (via MedQuAD, CC BY 4.0)",government_public_health,2026-09,MedQuAD:2_GARD_QA/0002013 | qid:0002013-1 | CUI:C0002395 | https://rarediseases.info.nih.gov/gard/12798/early-onset-autosomal-dominant-alzheimer-disease,disease_characteristics,definition,True,,,,
ADQ-d1876117fa63,Can measuring ABeta42 levels help distinguish Alzheimer's disease from other types of dementia?,"Our review indicates that measuring ABeta42 levels in CSF may help differentiate ADD from other dementia subtypes, but the test is imperfect and tends to misdiagnose those with non-ADD as having ADD.",Cochrane Database of Systematic Reviews; Cochrane Database Syst Rev. 2021 Feb 10;2(2):CD010945. doi: 10.1002/14651858.CD010945.pub2.,peer_reviewed_evidence_synthesis,2021-02,PMID:33566374 | CD010945.pub2 | doi:10.1002/14651858.CD010945.pub2,diagnosis,biomarkers,True,,,,
ADQ-d322df9fbd1e,How many people are affected by Alzheimer disease ?,Alzheimer disease currently affects an estimated 2.4 million to 4.5 million Americans.,"NIH GHR (via MedQuAD, CC BY 4.0)",government_public_health,2026-09,MedQuAD:3_GHR_QA/0000048 | qid:0000048-2 | CUI:C0002395 | https://ghr.nlm.nih.gov/condition/alzheimer-disease,epidemiology,risk_and_frequency,True,,,,
ADQ-d34f7396ad2f,Does folic acid supplementation help prevent cognitive impairment in the elderly?,"The small number of studies which have been done provide no consistent evidence either way that folic acid, with or without vitamin B12, has a beneficial effect on cognitive function of unselected healthy or cognitively impaired older...",Cochrane Database of Systematic Reviews; Cochrane Database Syst Rev. 2008 Oct 8;(4):CD004514. doi: 10.1002/14651858.CD004514.pub2.,peer_reviewed_evidence_synthesis,2008-10,PMID:18843658 | CD004514.pub2 | doi:10.1002/14651858.CD004514.pub2,prevention,risk_reduction,True,,,,
ADQ-d6792d7039d1,Do statins prevent dementia in people at risk due to age?,There is good evidence that statins given in late life to people at risk of vascular disease do not prevent cognitive decline or dementia.,Cochrane Database of Systematic Reviews; Cochrane Database Syst Rev. 2016 Jan 4;2016(1):CD003160. doi: 10.1002/14651858.CD003160.pub3.,peer_reviewed_evidence_synthesis,2016-01,PMID:26727124 | CD003160.pub3 | doi:10.1002/14651858.CD003160.pub3,mechanism,genetics,True,,,,
ADQ-db2ec001ac14,Is vinpocetine effective for treating cognitive impairment in dementia patients?,"Although the basic science is interesting, the evidence for beneficial effect of vinpocetine on patients with dementia is inconclusive and does not support clinical use.",Cochrane Database of Systematic Reviews; Cochrane Database Syst Rev. 2003;2003(1):CD003119. doi: 10.1002/14651858.CD003119.,peer_reviewed_evidence_synthesis,2003,PMID:12535455 | CD003119 | doi:10.1002/14651858.CD003119,treatment,pharmacological,True,,,,
ADQ-dd542aa0a7d8,Is nimodipine effective in treating dementia symptoms in Alzheimer's and cerebrovascular disease?,"Nimodipine can be of some benefit in the treatment of patients with features of dementia due to unclassified disease or to Alzheimer's disease, cerebrovascular disease, or mixed Alzheimer's and cerebrovascular disease.",Cochrane Database of Systematic Reviews; Cochrane Database Syst Rev. 2002;(3):CD000147. doi: 10.1002/14651858.CD000147.,peer_reviewed_evidence_synthesis,2002,PMID:12137606 | CD000147 | doi:10.1002/14651858.CD000147,treatment,pharmacological,True,,,,
ADQ-dd9b3174047b,Can CSF tau biomarkers accurately predict the progression from mild cognitive impairment to Alzheimer's disease?,"The insufficiency and heterogeneity of research to date primarily leads to a state of uncertainty regarding the value of CSF testing of t-tau, p-tau or p-tau/ABeta ratio for the diagnosis of Alzheimer's disease in current clinical practice.",Cochrane Database of Systematic Reviews; Cochrane Database Syst Rev. 2017 Mar 22;3(3):CD010803. doi: 10.1002/14651858.CD010803.pub2.,peer_reviewed_evidence_synthesis,2017-03,PMID:28328043 | CD010803.pub2 | doi:10.1002/14651858.CD010803.pub2,diagnosis,biomarkers,True,,,,
ADQ-eb389efd27bf,Do drug treatments improve sleep disorders in people with Alzheimer's disease?,We discovered a distinct lack of evidence to help guide drug treatment of sleep problems in AD.,Cochrane Database of Systematic Reviews; Cochrane Database Syst Rev. 2014 Mar 21;(3):CD009178. doi: 10.1002/14651858.CD009178.pub2.,peer_reviewed_evidence_synthesis,2014-03,PMID:24659320 | CD009178.pub2 | doi:10.1002/14651858.CD009178.pub2,management,neuropsychiatric_symptoms,True,,,,
ADQ-ed1b1dec0052,Is alpha lipoic acid effective in treating dementia?,"In the absence of randomized double-blind placebo-controlled trials investigating ALA for dementia, no evidence exists to explore any potential effects.",Cochrane Database of Systematic Reviews; Cochrane Database Syst Rev. 2004;(1):CD004244. doi: 10.1002/14651858.CD004244.pub2.,peer_reviewed_evidence_synthesis,2004,PMID:14974062 | CD004244.pub2 | doi:10.1002/14651858.CD004244.pub2,treatment,pharmacological,True,,,,
ADQ-ee48a2e5fcec,How to diagnose Alzheimer's Disease ?,The only definitive way to diagnose Alzheimer's disease is to find out whether plaques and tangles exist in brain tissue.,"NIH NIHSeniorHealth (via MedQuAD, CC BY 4.0)",government_public_health,2026-09,MedQuAD:7_SeniorHealth_QA/0000004 | qid:0000004-20 | CUI:C0002395 | http://nihseniorhealth.gov/alzheimersdisease/toc.html,diagnosis,diagnostic_workup,True,,,,
ADQ-f50b910f6dd1,Are cannabinoids clinically effective in treating dementia?,More randomized double-blind placebo controlled trials are needed to determine whether cannabinoids are clinically effective in the treatment of dementia.,Cochrane Database of Systematic Reviews; Cochrane Database Syst Rev. 2009 Apr 15;2009(2):CD007204. doi: 10.1002/14651858.CD007204.pub2.,peer_reviewed_evidence_synthesis,2009-04,PMID:19370677 | CD007204.pub2 | doi:10.1002/14651858.CD007204.pub2,treatment,pharmacological,True,,,,
ADQ-f978c23543e3,Can omega-3 fatty acid supplements improve brain function in people with dementia?,We found no convincing evidence for the efficacy of omega-3 PUFA supplements in the treatment of mild to moderate AD.,Cochrane Database of Systematic Reviews; Cochrane Database Syst Rev. 2016 Apr 11;4(4):CD009002. doi: 10.1002/14651858.CD009002.pub3.,peer_reviewed_evidence_synthesis,2016-04,PMID:27063583 | CD009002.pub3 | doi:10.1002/14651858.CD009002.pub3,treatment,pharmacological,True,,,,
ADQ-fa0be438d5cd,Is piracetam effective for treating dementia or cognitive impairment?,At this stage the evidence available from the published literature does not support the use of piracetam in the treatment of people with dementia or cognitive impairment.,Cochrane Database of Systematic Reviews; Cochrane Database Syst Rev. 2001;(2):CD001011. doi: 10.1002/14651858.CD001011.,peer_reviewed_evidence_synthesis,2001,PMID:11405971 | CD001011 | doi:10.1002/14651858.CD001011,treatment,pharmacological,True,,,,
ADQ-fea5e481277a,Does thiamine have an effect on Alzheimer's disease?,It is not possible to draw any conclusions from this review.,Cochrane Database of Systematic Reviews; Cochrane Database Syst Rev. 2001;(2):CD001498. doi: 10.1002/14651858.CD001498.,peer_reviewed_evidence_synthesis,2001,PMID:11405995 | CD001498 | doi:10.1002/14651858.CD001498,general,unclassified,True,,,,
