cpg_id,pmcid,pmid,doi,title,organization,document_type,source_category,guideline_family,version_note,issue_date,date_precision,date_source,supersession_note,authority_tier_label,claim_classes,license_code,license_source,acquisition,acquisition_timestamp,content_hash_md5,in_currency_pack,eligibility_status
PMC11350039,PMC11350039,38934362,10.1002/alz.13859,Revised criteria for diagnosis and staging of Alzheimer's disease: Alzheimer's Association Workgroup,NIA-AA / Alzheimer's Association Workgroup,diagnostic & staging criteria,cpg,NIA-AA-criteria,as-published,2024-08,month,pubmed,revised criteria; supersedes 2011/2018 NIA-AA criteria (not in corpus),diagnostic-criteria,criteria;biomarkers;amyloid;tau;plasma;staging,CC BY-NC-ND,PMC manifest (from inventory),pmc-oa,2026-09-01T19:49:55+00:00,8e039fba8b27546f2975e7d23cb6f6c0,yes,eligible
PMC10313141,PMC10313141,37357276,10.14283/jpad.2023.30,Lecanemab: Appropriate Use Recommendations,Alzheimer's Association appropriate-use workgroup,appropriate-use recommendations,cpg,lecanemab-AUR,as-published,2023,year,pubmed,drug-specific; may be updated,appropriate-use-criteria,eligibility;aria;apoe;pharmacotherapy,CC BY,PMC manifest (from inventory),pmc-oa,2026-09-01T17:43:05+00:00,9a01fb134ec3455b7208d56388494801,yes,eligible
PMC12180672,PMC12180672,40155270,10.1016/j.tjpad.2025.100150,Donanemab: Appropriate use recommendations,Alzheimer's Association appropriate-use workgroup,appropriate-use recommendations,cpg,donanemab-AUR,as-published,2025-05,month,pubmed,drug-specific; may be updated,appropriate-use-criteria,eligibility;aria;apoe;pharmacotherapy,CC BY,PMC manifest (from inventory),pmc-oa,2026-09-01T21:49:36+00:00,0b31bc34a6db8af08ef26c4d812a4390,yes,eligible
PMC11772739,PMC11772739,39776249,10.1002/alz.14338,Updated appropriate use criteria for amyloid and tau PET: A report from the Alzheimer's Association and Society for Nuclear Medicine and Molecular Imaging Workg,Alzheimer's Association / SNMMI,appropriate-use criteria (report; PubMed type=Systematic Review),cpg,amyloid-tau-PET-AUC,as-published,2025-01,month,pubmed,updated AUC; supersedes prior amyloid-PET AUC (not in corpus),appropriate-use-criteria,amyloid-imaging;tau;biomarkers,CC BY-NC-ND,PMC manifest (from inventory),pmc-oa,2026-09-01T20:59:03+00:00,7c07363721b587f08f9a2036665e763a,yes,eligible
PMC12306682,PMC12306682,40729527,10.1002/alz.70535,Alzheimer's Association Clinical Practice Guideline on the use of blood‐based biomarkers in the diagnostic workup of suspected Alzheimer's disease within specia,Alzheimer's Association,clinical practice guideline,cpg,AA-blood-biomarker-CPG,as-published,2025-07,month,pubmed,new (2025); no prior version,clinical-practice-guideline,plasma;biomarkers;diagnosis,CC BY-NC-ND,PMC manifest (from inventory),pmc-oa,2026-09-01T22:43:21+00:00,675aa4a7a340f55f6104737662c777f6,yes,eligible
PMC12173843,PMC12173843,39713942,10.1002/alz.14333,"Alzheimer's Association clinical practice guideline for the Diagnostic Evaluation, Testing, Counseling, and Disclosure of Suspected Alzheimer's Disease and Rela",Alzheimer's Association,clinical practice guideline,cpg,AA-DETeCD-ADRD,as-published,2025-06,month,pubmed,DETeCD-ADRD family; part/version relationship within family not verified,clinical-practice-guideline,diagnosis;differential-diagnosis;criteria,CC BY-NC-ND,PMC manifest (from inventory),pmc-oa,2026-09-01T20:53:11+00:00,0fcdbd77d769d710ac7dd7d3c47b9a7c,no,eligible
PMC11772712,PMC11772712,39713939,10.1002/alz.14335,"The Alzheimer's Association clinical practice guideline for the diagnostic evaluation, testing, counseling, and disclosure of suspected Alzheimer's disease and ",Alzheimer's Association,clinical practice guideline,cpg,AA-DETeCD-ADRD,as-published,2025-01,month,pubmed,DETeCD-ADRD family; part/version relationship within family not verified,clinical-practice-guideline,diagnosis;differential-diagnosis,CC BY-NC-ND,PMC manifest (from inventory),pmc-oa,2026-09-01T20:53:10+00:00,793a42da04b8654efae1501fb888a075,no,eligible
PMC11772716,PMC11772716,39713957,10.1002/alz.14337,"The Alzheimer's Association clinical practice guideline for the Diagnostic Evaluation, Testing, Counseling, and Disclosure of Suspected Alzheimer's Disease and ",Alzheimer's Association,clinical practice guideline,cpg,AA-DETeCD-ADRD,as-published,2025-01,month,pubmed,DETeCD-ADRD family; part/version relationship within family not verified,clinical-practice-guideline,diagnosis;differential-diagnosis,CC BY-NC-ND,PMC manifest (from inventory),pmc-oa,2026-09-01T20:53:13+00:00,46c20b88ed24e05200e4be9ddfa5fec4,no,eligible
PMC11251480,PMC11251480,38939962,10.1002/acn3.52042,"Amyloid‐related imaging abnormalities (ARIA): diagnosis, management, and care in the setting of amyloid‐modifying therapy",multi-society (ARIA working group),ARIA diagnosis/management guidance (PubMed type=Review),cpg,ARIA-guidance,as-published,2024-07,month,pubmed,none verified,consensus-recommendation,aria;pharmacotherapy;amyloid-imaging,CC BY-NC-ND,PMC manifest (from inventory),pmc-oa,2026-09-01T19:50:21+00:00,e4ca4f0dc66075de04c23c99e87666d1,yes,eligible
PMC12772267,PMC12772267,40189284,10.2463/mrms.gl.2025-1000,Practical Brain MRI Guidelines for Anti-Aβ Antibody Treatment in Early Symptomatic Alzheimer’s Disease,Japanese neuroradiology (MRMS),clinical practice guideline (MRI for anti-Aβ),cpg,anti-Ab-MRI-guidelines,as-published,2025-11-20,day,pubmed,"related to PMC12287243 (same guidance, different journal); relationship recorded",clinical-practice-guideline,aria;amyloid-imaging;pharmacotherapy,CC BY-NC-ND,PMC manifest (from inventory),pmc-oa,2026-09-01T21:52:17+00:00,09607dfaae7770a14d84b02dafd85a0d,no,eligible
PMC12287243,PMC12287243,40266549,10.1007/s11604-025-01773-x,Practical brain MRI guidelines for anti-Aβ antibody treatment in early symptomatic Alzheimer’s disease,Japanese neuroradiology (Jpn J Radiol),clinical practice guideline (MRI for anti-Aβ),cpg,anti-Ab-MRI-guidelines,as-published,2025-08,month,pubmed,"related to PMC12772267 (same guidance, different journal); relationship recorded",clinical-practice-guideline,aria;amyloid-imaging;pharmacotherapy,CC BY,PMC manifest (from inventory),pmc-oa,2026-09-01T21:58:58+00:00,f4209e24b6c3934338a21a5b1fa3f114,no,eligible
PMC11592784,PMC11592784,39594140,10.3390/diagnostics14222474,"Thai Guideline for Nuclear Medicine Investigations of Neurocognitive Disorders: Nuclear Medicine Society of Thailand, the Neurological Society of Thailand, and ",Thai society of nuclear medicine,clinical practice guideline (nuclear medicine),cpg,Thai-NM-guideline,as-published,2024-11-06,day,pubmed,none verified,clinical-practice-guideline,amyloid-imaging;biomarkers,CC BY,PMC manifest (from inventory),pmc-oa,2026-09-01T20:43:05+00:00,c361dd7163020df0286311131a4f7ac9,no,eligible
PMC12893748,PMC12893748,41223122,10.1159/000549521,Clinical Practice Recommendations of the Swiss Society for Neuroradiology: Neuroimaging Standards for Enrollment and Disease Monitoring in Anti-Amyloid Immunoth,Swiss Society for Neuroradiology,clinical practice recommendations (neuroimaging),cpg,Swiss-neuroradiology,as-published,2026,year,pubmed,none verified,clinical-practice-guideline,amyloid-imaging;differential-diagnosis,CC BY-NC,PMC manifest (from inventory),pmc-oa,2026-09-01T23:29:37+00:00,da16b64b3d639e118ac5fa40cf9d8c2c,no,eligible
PMC11564805,PMC11564805,39544104,10.1093/ageing/afae250,The Italian guideline on diagnosis and treatment of dementia and mild cognitive impairment,Italian intersocietal (ISS),national clinical practice guideline,cpg,Italian-dementia-guideline,as-published,2024-11-01,day,pubmed,none verified,clinical-practice-guideline,diagnosis;differential-diagnosis;pharmacotherapy,CC BY-NC,PMC manifest (from inventory),pmc-oa,2026-09-01T20:38:34+00:00,a84a565c5c4321134d8c536627399fbf,no,eligible
PMC11227111,PMC11227111,38970550,10.1093/ageing/afae147,"Guideline summary: assessment, diagnosis, care and support for people with dementia and their carers [Scottish Intercollegiate Guidelines Network SIGN Guideline",SIGN (Scotland),national clinical guideline (summary),cpg,SIGN-dementia,as-published,2024-07-02,day,pubmed,summary of a national guideline,clinical-practice-guideline,diagnosis;differential-diagnosis;care,CC BY,PMC manifest (from inventory),pmc-oa,2026-09-01T19:52:53+00:00,66bc54e21a11853832b8f46b00ba58c9,no,eligible
PMC13016819,PMC13016819,41870152,10.1093/ageing/afag063,"Best practice guidelines for the diagnosis, evaluation, and management of cognitive disorders in Parkinson’s disease",British Geriatrics Society / partners,best-practice guideline (cognitive disorders),cpg,cognitive-disorders-BPG,as-published,2026-03-16,day,pubmed,none verified,clinical-practice-guideline,diagnosis;differential-diagnosis,CC BY,PMC manifest (from inventory),pmc-oa,2026-09-02T00:53:37+00:00,ba8e0eca08b24b63652dcbe076810277,no,eligible
PMC11772713,PMC11772713,39822128,10.1002/alz.14324,"Canadian Stroke Best Practice Recommendations: Vascular cognitive impairment, 7th edition practice guidelines update, 2024",Canadian Stroke consortium,best-practice recommendations (vascular cognitive impairment),cpg,Canadian-stroke-VCI,as-published,2025-01,month,pubmed,7th edition,clinical-practice-guideline,differential-diagnosis;vascular,CC BY-NC-ND,PMC manifest (from inventory),pmc-oa,2026-09-01T21:02:41+00:00,542d04e0af43422e73d36cbc467ee055,no,eligible
PMC10587099,PMC10587099,37768499,10.1007/s41999-023-00858-y,Physical activity and exercise for the prevention and management of mild cognitive impairment and dementia: a collaborative international guideline,European geriatric medicine society,clinical practice guideline (physical activity),cpg,EuGMS-activity,as-published,2023-10,month,pubmed,none verified,clinical-practice-guideline,management;prevention,CC BY,PMC manifest (from inventory),pmc-oa,2026-09-01T18:15:25+00:00,5f14bdb39dc06bc766241e53f5bdc0d6,no,eligible
PMC10072340,PMC10072340,34091448,10.1159/000515892,International Practice Recommendations for the Recognition and Management of Hearing and Vision Impairment in People with Dementia,international expert group,practice recommendations (hearing/vision in dementia),cpg,hearing-vision-dementia,as-published,2022,year,pubmed,none verified,consensus-recommendation,differential-diagnosis;comorbidity;care,CC BY-NC,PMC manifest (from inventory),pmc-oa,2026-09-01T14:35:09+00:00,08282c23b26fb052578bcadf8a58b8a2,no,eligible
