pmcid,pmid,in_pmc_oa_dataset,is_pmc_openaccess,license_code,is_manuscript,is_historical_ocr,is_retracted,version,pmid_from_pmc,doi_from_pmc,title_from_pmc,has_xml,has_pdf,has_text,media_count,xml_url,pdf_url,text_url,checked_at_utc
PMC9277667,30584145,yes,yes,CC BY-NC,no,no,no,1,30584145,10.3233/JAD-180825,Circulating Molecular Chaperones in Subjects with Amnestic Mild Cognitive Impairment and Alzheimer’s Disease: Data from the Zabùt Aging Project,yes,yes,yes,1,s3://pmc-oa-opendata/PMC9277667.1/PMC9277667.1.xml?md5=072929c9c0d1ec3a302c1cc9057dd782,s3://pmc-oa-opendata/PMC9277667.1/PMC9277667.1.pdf?md5=714de23a3e12080e12a5479fcc5b42ff,s3://pmc-oa-opendata/PMC9277667.1/PMC9277667.1.txt?md5=2ab733a41a3e25f27d160e72578921dd,2026-08-31T08:46:33+00:00
PMC8357005,30697878,no,,,,,,,,,,,,,,,,,2026-08-31T08:46:34+00:00
PMC8648658,31820410,yes,yes,CC BY,no,no,no,1,31820410,10.1007/s12350-019-01977-5,Uniformity of cardiac 123I-MIBG uptake on SPECT images in older adults with normal cognition and patients with dementia,yes,yes,yes,6,s3://pmc-oa-opendata/PMC8648658.1/PMC8648658.1.xml?md5=965371a6e3fdeabd77fdeafa4f40d6db,s3://pmc-oa-opendata/PMC8648658.1/PMC8648658.1.pdf?md5=e47809d3ee2aeca95aaacdc55f9ba737,s3://pmc-oa-opendata/PMC8648658.1/PMC8648658.1.txt?md5=1dc0da5629b924c7be422d2ad82c4847,2026-08-31T08:46:35+00:00
PMC12108945,32116033,yes,no,TDM,yes,no,no,1,32116033,10.1080/23279095.2020.1725888,The effect of acculturation on cognitive performance among older Hispanics in the United States,yes,no,yes,0,s3://pmc-oa-opendata/PMC12108945.1/PMC12108945.1.xml?md5=3ca27fbdefa4a88ccb70af231b6d9f60,,s3://pmc-oa-opendata/PMC12108945.1/PMC12108945.1.txt?md5=23a2805e288a9acd9a6d02e4a917d665,2026-08-31T08:46:37+00:00
PMC8758492,32161362,yes,yes,CC BY,no,no,no,1,32161362,10.1038/s41380-020-0688-6,APOEε4 potentiates the relationship between amyloid-β and tau pathologies,yes,yes,yes,10,s3://pmc-oa-opendata/PMC8758492.1/PMC8758492.1.xml?md5=dec3bd92ce62bb65a4e00ab4b4992630,s3://pmc-oa-opendata/PMC8758492.1/PMC8758492.1.pdf?md5=955634ae364849c479f3dabfbdc1795c,s3://pmc-oa-opendata/PMC8758492.1/PMC8758492.1.txt?md5=22a0c4a597fe00e3b1e72f9b55ffdd54,2026-08-31T08:46:39+00:00
PMC8506354,32317043,yes,yes,CC BY,no,no,no,1,32317043,10.1017/S0033291720000938,Hot and cold cognitive disturbances in antidepressant-free patients with major depressive disorder: a NeuroPharm study,yes,yes,yes,6,s3://pmc-oa-opendata/PMC8506354.1/PMC8506354.1.xml?md5=eea8dcb8dbeff21947227a97a3824b74,s3://pmc-oa-opendata/PMC8506354.1/PMC8506354.1.pdf?md5=ff0aaf48ee07fec51673a8224e970acf,s3://pmc-oa-opendata/PMC8506354.1/PMC8506354.1.txt?md5=873f126ab4b5aa05663a90619834110f,2026-08-31T08:46:41+00:00
PMC8106977,32367736,yes,no,TDM,yes,no,no,1,32367736,10.1080/13607863.2020.1758915,Psychometric Evaluation of the Behavioral Activation for Depression Scale-Short Form in Alzheimer’s Caregivers,yes,no,yes,0,s3://pmc-oa-opendata/PMC8106977.1/PMC8106977.1.xml?md5=7c71e6be62f796d13abfffcd0f783382,,s3://pmc-oa-opendata/PMC8106977.1/PMC8106977.1.txt?md5=94c971e108d4d31ae8e7c48897c0ff43,2026-08-31T08:46:43+00:00
PMC10021027,32397837,yes,no,TDM,yes,no,no,1,32397837,10.1080/23279095.2020.1761368,Cultural factors related to neuropsychological performance and brain atrophy among hispanic older adults with amnestic Mild Cognitive Impairment (aMCI): A pilot study,yes,no,yes,0,s3://pmc-oa-opendata/PMC10021027.1/PMC10021027.1.xml?md5=09d3f9b41696c685e6868297e108eea1,,s3://pmc-oa-opendata/PMC10021027.1/PMC10021027.1.txt?md5=c1e911286e480335bf1a1e311f5823a9,2026-08-31T08:46:44+00:00
PMC8326902,32400259,yes,yes,CC BY-NC,no,no,no,1,32400259,10.1177/0891988720924717,Measuring Awareness in People With Dementia: Results of a Systematic Scoping Review,yes,yes,yes,6,s3://pmc-oa-opendata/PMC8326902.1/PMC8326902.1.xml?md5=6b5d33ef3eaed19c2e4861d3792f43c0,s3://pmc-oa-opendata/PMC8326902.1/PMC8326902.1.pdf?md5=2fa0b115889ab1a065244f3b9ac1b977,s3://pmc-oa-opendata/PMC8326902.1/PMC8326902.1.txt?md5=b4ba6a127820ab05330471801fb5ec4b,2026-08-31T08:46:46+00:00
PMC8758470,32404947,yes,yes,CC BY,no,no,no,1,32404947,10.1038/s41380-020-0764-y,"Prediction of clinical diagnosis of Alzheimer’s disease, vascular, mixed, and all-cause dementia by a polygenic risk score and APOE status in a community-based cohort prospectively followed over 17 years",yes,yes,yes,3,s3://pmc-oa-opendata/PMC8758470.1/PMC8758470.1.xml?md5=2aa1af9228538961c0227cd300a8c5cf,s3://pmc-oa-opendata/PMC8758470.1/PMC8758470.1.pdf?md5=1171169ab70b4540a15ceb1891f1c28b,s3://pmc-oa-opendata/PMC8758470.1/PMC8758470.1.txt?md5=27e3f6b250c46a5f2e4f218ce8fb032d,2026-08-31T08:46:48+00:00
PMC8392777,32406251,yes,yes,CC BY-NC,no,no,no,1,32406251,10.1177/1073191120915273,Questioning the Meaning of a Change on the Alzheimer’s Disease Assessment Scale–Cognitive Subscale (ADAS-Cog): Noncomparable Scores and Item-Specific Effects Over Time,yes,yes,yes,13,s3://pmc-oa-opendata/PMC8392777.1/PMC8392777.1.xml?md5=1752e68944e399567e19a846ed3b1eea,s3://pmc-oa-opendata/PMC8392777.1/PMC8392777.1.pdf?md5=33c9cd769d9da9a47a71105028b9a12f,s3://pmc-oa-opendata/PMC8392777.1/PMC8392777.1.txt?md5=ec80cb8e02125abfbcc922362860b2ec,2026-08-31T08:46:50+00:00
PMC8326892,32410488,yes,yes,CC BY-NC,no,no,no,1,32410488,10.1177/0891988720924716,"Multidimensional Apathy in Behavioral Variant Frontotemporal Dementia, Primary Progressive Aphasia, and Alzheimer Disease",yes,yes,yes,5,s3://pmc-oa-opendata/PMC8326892.1/PMC8326892.1.xml?md5=bfcd61cada72644c74bb5c2f57b519c7,s3://pmc-oa-opendata/PMC8326892.1/PMC8326892.1.pdf?md5=c0fa1d8b65553d77a64e0c944f192cad,s3://pmc-oa-opendata/PMC8326892.1/PMC8326892.1.txt?md5=830c000266651942ce7ef22283975a50,2026-08-31T08:46:52+00:00
PMC8640365,32476636,yes,yes,CC BY,no,no,no,1,32476636,10.1017/S0033291720001567,Dealing with heterogeneity of cognitive dysfunction in acute depression: a clustering approach,yes,yes,yes,6,s3://pmc-oa-opendata/PMC8640365.1/PMC8640365.1.xml?md5=c5ba4e734a8922696503ba38432cdaeb,s3://pmc-oa-opendata/PMC8640365.1/PMC8640365.1.pdf?md5=aa590a7b37ff443eed77faf7b3ea2499,s3://pmc-oa-opendata/PMC8640365.1/PMC8640365.1.txt?md5=1fa4163c4460857836921b91d388dbaf,2026-08-31T08:46:53+00:00
PMC9277678,32508326,yes,yes,CC BY-NC,no,no,no,1,32508326,10.3233/JAD-200385,Oral Health Status in Subjects with Amnestic Mild Cognitive Impairment and Alzheimer’s Disease: Data from the Zabút Aging Project,yes,yes,yes,1,s3://pmc-oa-opendata/PMC9277678.1/PMC9277678.1.xml?md5=6896cb61733131741c372f786e3d2f3b,s3://pmc-oa-opendata/PMC9277678.1/PMC9277678.1.pdf?md5=a90c16a3a8e8215100beb374bb42ccbf,s3://pmc-oa-opendata/PMC9277678.1/PMC9277678.1.txt?md5=43f7796dd0b9c605d75a32bd57dd674b,2026-08-31T08:46:55+00:00
PMC7748409,32515603,yes,no,TDM,yes,no,no,1,32515603,10.1080/13607863.2020.1771541,Caregiver “objective attitude” toward patients with neurodegenerative disease: Consequences for caregiver strain and relationship closeness,yes,no,yes,0,s3://pmc-oa-opendata/PMC7748409.1/PMC7748409.1.xml?md5=410993e0decf6a8248b8c1133b8ee0b7,,s3://pmc-oa-opendata/PMC7748409.1/PMC7748409.1.txt?md5=3f117beab7a76c61f44931a84cf67a3f,2026-08-31T08:46:57+00:00
PMC8437510,32525977,yes,yes,CC BY-NC,no,no,no,1,32525977,10.1093/geront/gnaa065,The Effectiveness of e-Health Solutions for Aging With Cognitive Impairment: A Systematic Review,yes,yes,yes,3,s3://pmc-oa-opendata/PMC8437510.1/PMC8437510.1.xml?md5=3e3a8bcdd156df56e6ac092d5b85ab89,s3://pmc-oa-opendata/PMC8437510.1/PMC8437510.1.pdf?md5=3d134518fbb5dd803e34d2a0f6abaa76,s3://pmc-oa-opendata/PMC8437510.1/PMC8437510.1.txt?md5=25b3e0d4b7db18f7f1309d3e84442c20,2026-08-31T08:46:59+00:00
PMC8336786,32544592,yes,yes,CC BY,no,no,no,1,32544592,10.1016/j.ymeth.2020.06.007,Amyloid-β oligomerization monitored by single-molecule stepwise photobleaching,yes,no,yes,14,s3://pmc-oa-opendata/PMC8336786.1/PMC8336786.1.xml?md5=4028e9b8f574b9aea3cabf09e1b90ed4,,s3://pmc-oa-opendata/PMC8336786.1/PMC8336786.1.txt?md5=e599aa036c17eeac42522d0989b47e2a,2026-08-31T08:47:01+00:00
PMC8758475,32581318,yes,yes,CC BY,no,no,no,1,32581318,10.1038/s41380-020-0817-2,"Amyloid, tau, and astrocyte pathology in autosomal-dominant Alzheimer’s disease variants: AβPParc and PSEN1DE9",yes,yes,yes,9,s3://pmc-oa-opendata/PMC8758475.1/PMC8758475.1.xml?md5=06b52c30401eeaa90beff4a5c6c63aee,s3://pmc-oa-opendata/PMC8758475.1/PMC8758475.1.pdf?md5=8b43b99f8201ae04a7a5018acd919136,s3://pmc-oa-opendata/PMC8758475.1/PMC8758475.1.txt?md5=c8e8ca6fbccfceea538f4b7e13141a9c,2026-08-31T08:47:02+00:00
PMC8758474,32591633,yes,yes,CC BY,no,no,no,1,32591633,10.1038/s41380-020-0818-1,Amyloid-beta modulates the association between neurofilament light chain and brain atrophy in Alzheimer’s disease,yes,yes,yes,24,s3://pmc-oa-opendata/PMC8758474.1/PMC8758474.1.xml?md5=0864afbbdcb998945ba2167d0d4d9c16,s3://pmc-oa-opendata/PMC8758474.1/PMC8758474.1.pdf?md5=c9bdf560f7ca93af3224891afdb6c794,s3://pmc-oa-opendata/PMC8758474.1/PMC8758474.1.txt?md5=a7b7ac32e14b99468dd06265391c9c0b,2026-08-31T08:47:04+00:00
PMC7765738,32594886,yes,no,TDM,yes,no,no,1,32594886,10.1080/13854046.2020.1781933,Practice effects in Mild Cognitive Impairment: A validation of Calamia et al. (2012),yes,no,yes,0,s3://pmc-oa-opendata/PMC7765738.1/PMC7765738.1.xml?md5=c8548e12d1067738b9cfd980537fc428,,s3://pmc-oa-opendata/PMC7765738.1/PMC7765738.1.txt?md5=d9d50ce880a8e89246aaeb0bda01d3e0,2026-08-31T08:47:06+00:00
PMC7775330,32608300,yes,no,TDM,yes,no,no,1,32608300,10.1177/0733464820934683,Effectiveness of “Reducing Disability in Alzheimer’s Disease” among dyads with moderate dementia,yes,no,yes,0,s3://pmc-oa-opendata/PMC7775330.1/PMC7775330.1.xml?md5=9a006eef8f6ffdc9302e2566824aa692,,s3://pmc-oa-opendata/PMC7775330.1/PMC7775330.1.txt?md5=1683ab6145170fe6f4bfefe221ad13eb,2026-08-31T08:47:08+00:00
PMC8758479,32616831,yes,yes,CC BY,no,no,no,1,32616831,10.1038/s41380-020-0815-4,[18F]THK5317 imaging as a tool for predicting prospective cognitive decline in Alzheimer’s disease,yes,yes,yes,6,s3://pmc-oa-opendata/PMC8758479.1/PMC8758479.1.xml?md5=cef36e6e56ab4aaf84f13f89f997848f,s3://pmc-oa-opendata/PMC8758479.1/PMC8758479.1.pdf?md5=a8f498095f1a6504585f4c0cf53d980f,s3://pmc-oa-opendata/PMC8758479.1/PMC8758479.1.txt?md5=c8f94f08d46301bf28f06daf07f4ebea,2026-08-31T08:47:10+00:00
PMC7785685,32632205,yes,yes,CC BY,no,no,no,2,32632205,10.1038/s41380-020-0824-3,MicroRNA-195 rescues ApoE4-induced cognitive deficits and lysosomal defects in Alzheimer’s disease pathogenesis,yes,yes,yes,15,s3://pmc-oa-opendata/PMC7785685.2/PMC7785685.2.xml?md5=9097547fd7f75f056bd59b6087aa9fa9,s3://pmc-oa-opendata/PMC7785685.2/PMC7785685.2.pdf?md5=cd1a3b725a4e7e9bb1fe78de8ab8fe53,s3://pmc-oa-opendata/PMC7785685.2/PMC7785685.2.txt?md5=88a36e8cabbb901546eceaf6b187001f,2026-08-31T08:47:12+00:00
PMC7794099,32641180,yes,no,TDM,yes,no,no,1,32641180,10.1017/S1041610220001143,Genome-wide screen to identify genetic loci associated with cognitive decline in late-life depression,yes,no,yes,0,s3://pmc-oa-opendata/PMC7794099.1/PMC7794099.1.xml?md5=2008217d802cc4a16720dd1c1c63ca4d,,s3://pmc-oa-opendata/PMC7794099.1/PMC7794099.1.txt?md5=81fbc42c1a2098e88d79392bde9eb58d,2026-08-31T08:47:14+00:00
PMC8326890,32643511,yes,yes,CC BY,no,no,no,1,32643511,10.1177/0891988720933348,Quality of Life Assessments in Individuals With Young-Onset Dementia and Their Caregivers,yes,yes,yes,5,s3://pmc-oa-opendata/PMC8326890.1/PMC8326890.1.xml?md5=1ff9f21c7658e1172c14a901f382c42f,s3://pmc-oa-opendata/PMC8326890.1/PMC8326890.1.pdf?md5=0a92bd8cfa105e6c73bb6b45c8e85f5e,s3://pmc-oa-opendata/PMC8326890.1/PMC8326890.1.txt?md5=d5763cb90d43b3edd09d0a9c3803ed56,2026-08-31T08:47:15+00:00
