question_id,question,reference_answer,reference_source,reference_locator,reference_date,topic,subtopic,temporal_candidate,ambiguity_candidate,automatic_failures,reviewer_decision,reviewer_note
ADQ-cb62adb2c14d,Does dance movement therapy improve symptoms of dementia compared to no treatment or standard care?,"Due to the low certainty of the evidence, the true effects of DMT as an intervention for dementia may be substantially different from those found.",Cochrane Database of Systematic Reviews; Cochrane Database Syst Rev. 2023 Aug 7;8(8):CD011022. doi: 10.1002/14651858.CD011022.pub3.,PMID:37549216 | CD011022.pub3 | doi:10.1002/14651858.CD011022.pub3,2023-08,management,neuropsychiatric_symptoms,True,True,,,
ADQ-8198b2f829b0,Are antipsychotics effective for treating agitation and psychosis in dementia patients?,There is some evidence that typical antipsychotics might decrease agitation and psychosis slightly in patients with dementia.,Cochrane Database of Systematic Reviews; Cochrane Database Syst Rev. 2021 Dec 17;12(12):CD013304. doi: 10.1002/14651858.CD013304.pub2.,PMID:34918337 | CD013304.pub2 | doi:10.1002/14651858.CD013304.pub2,2021-12,management,neuropsychiatric_symptoms,True,False,,,
ADQ-538943ed5228,Is the Mini-Cog an accurate tool for detecting dementia in primary care settings?,There is a limited number of studies evaluating the accuracy of the Mini-Cog for the diagnosis of dementia in primary care settings.,Cochrane Database of Systematic Reviews; Cochrane Database Syst Rev. 2021 Jul 14;7(7):CD011415. doi: 10.1002/14651858.CD011415.pub3.,PMID:34261197 | CD011415.pub3 | doi:10.1002/14651858.CD011415.pub3,2021-07,diagnosis,diagnostic_accuracy,True,True,,,
ADQ-1e23066e9721,Is the Mini-Cog test accurate for detecting dementia in secondary care settings?,Those identified were at high risk of bias related to patient selection and high concerns related to index test conduct and applicability.,Cochrane Database of Systematic Reviews; Cochrane Database Syst Rev. 2021 Jul 14;7(7):CD011414. doi: 10.1002/14651858.CD011414.pub3.,PMID:34260060 | CD011414.pub3 | doi:10.1002/14651858.CD011414.pub3,2021-07,diagnosis,diagnostic_accuracy,True,True,,,
ADQ-8aac0455c4a7,Is the Mini-Cog an effective test for detecting dementia in community settings?,There are currently few studies assessing the diagnostic test accuracy of the Mini-Cog in community settings.,Cochrane Database of Systematic Reviews; Cochrane Database Syst Rev. 2021 Jul 14;7(7):CD010860. doi: 10.1002/14651858.CD010860.pub3.,PMID:34259337 | CD010860.pub3 | doi:10.1002/14651858.CD010860.pub3,2021-07,diagnosis,diagnostic_accuracy,True,True,,,
ADQ-b5a40d6439a2,Are pharmacological or non-pharmacological treatments effective for epilepsy in people with Alzheimer's disease?,"Regarding efficacy and tolerability, no significant differences were found between levetiracetam, phenobarbital and lamotrigine.",Cochrane Database of Systematic Reviews; Cochrane Database Syst Rev. 2021 May 11;5(5):CD011922. doi: 10.1002/14651858.CD011922.pub4.,PMID:33973646 | CD011922.pub4 | doi:10.1002/14651858.CD011922.pub4,2021-05,treatment,pharmacological,True,False,,,
ADQ-54ab8afdcbc4,Are cholinesterase inhibitors effective for improving cognition in people with vascular cognitive impairment?,"We found moderate- to high-certainty evidence that donepezil 5 mg, donepezil 10 mg, and galantamine have a slight beneficial effect on cognition in people with VCI, although the size of the change is unlikely to be clinically important.",Cochrane Database of Systematic Reviews; Cochrane Database Syst Rev. 2021 Feb 22;2(2):CD013306. doi: 10.1002/14651858.CD013306.pub2.,PMID:33704781 | CD013306.pub2 | doi:10.1002/14651858.CD013306.pub2,2021-02,treatment,pharmacological,True,False,,,
ADQ-d1876117fa63,Can measuring ABeta42 levels help distinguish Alzheimer's disease from other types of dementia?,"Our review indicates that measuring ABeta42 levels in CSF may help differentiate ADD from other dementia subtypes, but the test is imperfect and tends to misdiagnose those with non-ADD as having ADD.",Cochrane Database of Systematic Reviews; Cochrane Database Syst Rev. 2021 Feb 10;2(2):CD010945. doi: 10.1002/14651858.CD010945.pub2.,PMID:33566374 | CD010945.pub2 | doi:10.1002/14651858.CD010945.pub2,2021-02,diagnosis,biomarkers,True,False,,,
ADQ-20f340a68619,Does continuing cholinesterase inhibitors improve outcomes for people with dementia compared to stopping them?,"As all participants had dementia due to Alzheimer's disease, our findings are not transferable to other dementia types.",Cochrane Database of Systematic Reviews; Cochrane Database Syst Rev. 2021 Feb 3;2(2):CD009081. doi: 10.1002/14651858.CD009081.pub2.,PMID:35608903 | CD009081.pub2 | doi:10.1002/14651858.CD009081.pub2,2021-02,management,caregiving,True,False,,,
ADQ-1fc7663325a5,Does Souvenaid improve cognitive function in people with Alzheimer's disease?,Two years of treatment with Souvenaid probably does not reduce the risk of progression to dementia in people with prodromal AD.,Cochrane Database of Systematic Reviews; Cochrane Database Syst Rev. 2020 Dec 15;12(12):CD011679. doi: 10.1002/14651858.CD011679.pub2.,PMID:33320335 | CD011679.pub2 | doi:10.1002/14651858.CD011679.pub2,2020-12,epidemiology,risk_and_frequency,True,False,,,
ADQ-7f02400764e8,Is structural MRI effective for the early diagnosis of dementia due to Alzheimer's disease in people with mild cognitive impairment?,"The volume of hippocampus or medial temporal lobe, the most studied brain regions, showed low sensitivity and specificity and did not qualify structural MRI as a stand-alone add-on test for an early diagnosis of dementia due to Alzheimer's...",Cochrane Database of Systematic Reviews; Cochrane Database Syst Rev. 2020 Mar 2;3(3):CD009628. doi: 10.1002/14651858.CD009628.pub2.,PMID:32119112 | CD009628.pub2 | doi:10.1002/14651858.CD009628.pub2,2020-03,diagnosis,diagnostic_accuracy,True,False,,,
ADQ-3d7b98d38025,Is the Mini-Cog effective for diagnosing Alzheimer's disease dementia and other dementias in secondary care settings?,Those identified were at high risk of bias related to patient selection and high concerns related to index test conduct and applicability.,Cochrane Database of Systematic Reviews; Cochrane Database Syst Rev. 2019 Sep 14;9(9):CD011414. doi: 10.1002/14651858.CD011414.pub2.,PMID:31521064 | CD011414.pub2 | doi:10.1002/14651858.CD011414.pub2,2019-09,diagnosis,diagnostic_accuracy,True,True,,,
ADQ-a25fc5f4d73e,Does memantine provide benefits for people with dementia?,We found important differences in the efficacy of memantine in mild AD compared to that in moderate-to-severe AD.,Cochrane Database of Systematic Reviews; Cochrane Database Syst Rev. 2019 Mar 20;3(3):CD003154. doi: 10.1002/14651858.CD003154.pub6.,PMID:30891742 | CD003154.pub6 | doi:10.1002/14651858.CD003154.pub6,2019-03,treatment,pharmacological,True,False,,,
ADQ-cf1bafd9fcc3,Do pharmacological or non-pharmacological interventions effectively treat epilepsy in people with Alzheimer's disease?,"Regarding efficacy and tolerability, no significant differences were found between LEV, PB and LTG.",Cochrane Database of Systematic Reviews; Cochrane Database Syst Rev. 2018 Dec 20;12(12):CD011922. doi: 10.1002/14651858.CD011922.pub3.,PMID:30570742 | CD011922.pub3 | doi:10.1002/14651858.CD011922.pub3,2018-12,treatment,pharmacological,True,False,,,
ADQ-0b9699a5ae80,Does donepezil improve cognitive function in people with Alzheimer's disease?,"There is moderate-quality evidence that people with mild, moderate or severe dementia due to Alzheimer's disease treated for periods of 12 or 24 weeks with donepezil experience small benefits in cognitive function, activities of daily...",Cochrane Database of Systematic Reviews; Cochrane Database Syst Rev. 2018 Jun 18;6(6):CD001190. doi: 10.1002/14651858.CD001190.pub3.,PMID:29923184 | CD001190.pub3 | doi:10.1002/14651858.CD001190.pub3,2018-06,treatment,pharmacological,True,False,,,
ADQ-3e1770b0f392,Can pharmacotherapies effectively treat apathy in Alzheimer's disease?,"Methylphenidate may demonstrate a benefit for apathy and may have slight benefits for cognition and functional performance in people with AD, but this finding is associated with low-quality evidence.",Cochrane Database of Systematic Reviews; Cochrane Database Syst Rev. 2018 May 4;5(5):CD012197. doi: 10.1002/14651858.CD012197.pub2.,PMID:29727467 | CD012197.pub2 | doi:10.1002/14651858.CD012197.pub2,2018-05,management,neuropsychiatric_symptoms,True,False,,,
ADQ-ad47a118c7c1,Is the Mini-Cog an accurate tool for diagnosing dementia in primary care?,There is a limited number of studies evaluating the accuracy of the Mini-Cog for the diagnosis of dementia in primary care settings.,Cochrane Database of Systematic Reviews; Cochrane Database Syst Rev. 2018 Feb 22;2(2):CD011415. doi: 10.1002/14651858.CD011415.pub2.,PMID:29470861 | CD011415.pub2 | doi:10.1002/14651858.CD011415.pub2,2018-02,diagnosis,diagnostic_accuracy,True,True,,,
ADQ-8e3b1dcc4781,Is there a reliable method to predict the progression from mild cognitive impairment to Alzheimer's disease?,"Due to the varying sensitivity and specificity for predicting the progression from MCI to ADD and the limited data available, we cannot recommend routine use of",Cochrane Database of Systematic Reviews; Cochrane Database Syst Rev. 2017 Nov 22;11(11):CD012884. doi: 10.1002/14651858.CD012884.,PMID:29164602 | CD012884 | doi:10.1002/14651858.CD012884,2017-11,disease_course,progression,False,True,,,
ADQ-48a772fb22fc,Does vitamin E help improve cognitive function in people with mild cognitive impairment or Alzheimer's disease?,"We found no evidence that the alpha-tocopherol form of vitamin E given to people with MCI prevents progression to dementia, or that it improves cognitive function in people with MCI or dementia due to AD.",Cochrane Database of Systematic Reviews; Cochrane Database Syst Rev. 2017 Apr 18;4(4):CD002854. doi: 10.1002/14651858.CD002854.pub5.,PMID:28418065 | CD002854.pub5 | doi:10.1002/14651858.CD002854.pub5,2017-04,treatment,pharmacological,True,False,,,
ADQ-dd9b3174047b,Can CSF tau biomarkers accurately predict the progression from mild cognitive impairment to Alzheimer's disease?,"The insufficiency and heterogeneity of research to date primarily leads to a state of uncertainty regarding the value of CSF testing of t-tau, p-tau or p-tau/ABeta ratio for the diagnosis of Alzheimer's disease in current clinical practice.",Cochrane Database of Systematic Reviews; Cochrane Database Syst Rev. 2017 Mar 22;3(3):CD010803. doi: 10.1002/14651858.CD010803.pub2.,PMID:28328043 | CD010803.pub2 | doi:10.1002/14651858.CD010803.pub2,2017-03,diagnosis,biomarkers,True,True,,,
ADQ-a81ace8fded1,Is dance movement therapy effective for improving symptoms in people with dementia?,"Trials of high methodological quality, large sample sizes and clarity in the way the intervention is put together and delivered are needed to assess whether dance movement therapy is an effective intervention for dementia.",Cochrane Database of Systematic Reviews; Cochrane Database Syst Rev. 2017 Feb 3;2(2):CD011022. doi: 10.1002/14651858.CD011022.pub2.,PMID:28155990 | CD011022.pub2 | doi:10.1002/14651858.CD011022.pub2,2017-02,management,neuropsychiatric_symptoms,True,True,,,
ADQ-d16bbc98799b,Is the treatment of epilepsy effective and tolerable for people with Alzheimer's disease?,"Regarding the efficacy and tolerability, no significant differences were found between LEV, PB and LTG.",Cochrane Database of Systematic Reviews; Cochrane Database Syst Rev. 2016 Nov 2;11(11):CD011922. doi: 10.1002/14651858.CD011922.pub2.,PMID:27805721 | CD011922.pub2 | doi:10.1002/14651858.CD011922.pub2,2016-11,treatment,pharmacological,True,True,,,
ADQ-f978c23543e3,Can omega-3 fatty acid supplements improve brain function in people with dementia?,We found no convincing evidence for the efficacy of omega-3 PUFA supplements in the treatment of mild to moderate AD.,Cochrane Database of Systematic Reviews; Cochrane Database Syst Rev. 2016 Apr 11;4(4):CD009002. doi: 10.1002/14651858.CD009002.pub3.,PMID:27063583 | CD009002.pub3 | doi:10.1002/14651858.CD009002.pub3,2016-04,treatment,pharmacological,True,False,,,
ADQ-d6792d7039d1,Do statins prevent dementia in people at risk due to age?,There is good evidence that statins given in late life to people at risk of vascular disease do not prevent cognitive decline or dementia.,Cochrane Database of Systematic Reviews; Cochrane Database Syst Rev. 2016 Jan 4;2016(1):CD003160. doi: 10.1002/14651858.CD003160.pub3.,PMID:26727124 | CD003160.pub3 | doi:10.1002/14651858.CD003160.pub3,2016-01,mechanism,genetics,True,False,,,
ADQ-80dba91f533e,Are anti-dementia medications effective in treating cognitive decline in people with Down syndrome?,"Due to the low quality of the body of evidence in this review, it is difficult to draw conclusions about the effectiveness of any pharmacological intervention for cognitive decline in people with Down syndrome.",Cochrane Database of Systematic Reviews; Cochrane Database Syst Rev. 2015 Oct 29;2015(10):CD011546. doi: 10.1002/14651858.CD011546.pub2.,PMID:26513128 | CD011546.pub2 | doi:10.1002/14651858.CD011546.pub2,2015-10,treatment,pharmacological,True,True,,,
ADQ-31c3005691db,Is rivastigmine effective and safe for treating Alzheimer's disease?,Rivastigmine (6 to 12 mg daily orally or 9.5 mg daily transdermally) appears to be beneficial for people with mild to moderate Alzheimer's disease.,Cochrane Database of Systematic Reviews; Cochrane Database Syst Rev. 2015 Sep 22;9(9):CD001191. doi: 10.1002/14651858.CD001191.pub4.,PMID:26393402 | CD001191.pub4 | doi:10.1002/14651858.CD001191.pub4,2015-09,treatment,pharmacological,True,False,,,
ADQ-72e64932d061,Is the Mini-Cog an effective tool for detecting Alzheimer's disease in community settings?,There are currently few studies assessing the diagnostic test accuracy of the Mini-Cog in community settings.,Cochrane Database of Systematic Reviews; Cochrane Database Syst Rev. 2015 Feb 3;(2):CD010860. doi: 10.1002/14651858.CD010860.pub2.,PMID:25922857 | CD010860.pub2 | doi:10.1002/14651858.CD010860.pub2,2015-02,diagnosis,diagnostic_accuracy,True,True,,,
ADQ-35ee11c27606,Does latrepirdine improve cognition and function in Alzheimer's disease?,"Our meta-analysis is limited by the small number of studies, imprecision, inconsistencies between studies and likelihood of bias.",Cochrane Database of Systematic Reviews; Cochrane Database Syst Rev. 2015 Apr 21;2015(4):CD009524. doi: 10.1002/14651858.CD009524.pub2.,PMID:25897825 | CD009524.pub2 | doi:10.1002/14651858.CD009524.pub2,2015-04,treatment,pharmacological,True,False,,,
ADQ-2914e16813f7,Is the Mini-Mental State Examination effective in predicting dementia in individuals with mild cognitive impairment?,Our review did not find evidence supporting a substantial role of MMSE as a stand-alone single-administration test in the identification of MCI patients who could develop dementia.,Cochrane Database of Systematic Reviews; Cochrane Database Syst Rev. 2015 Mar 5;2015(3):CD010783. doi: 10.1002/14651858.CD010783.pub2.,PMID:25740785 | CD010783.pub2 | doi:10.1002/14651858.CD010783.pub2,2015-03,diagnosis,diagnostic_accuracy,True,False,,,
ADQ-267ce9358a69,Do cholinesterase inhibitors improve cognitive function in patients with rarer dementias?,"The sample sizes of most included trials were small, and some of the results were extracted from only one study.",Cochrane Database of Systematic Reviews; Cochrane Database Syst Rev. 2015 Mar 3;2015(3):CD009444. doi: 10.1002/14651858.CD009444.pub3.,PMID:25734590 | CD009444.pub3 | doi:10.1002/14651858.CD009444.pub3,2015-03,epidemiology,risk_and_frequency,True,True,,,
ADQ-2bd673ac07c4,Can ¹⁸F-FDG PET scans accurately predict the progression of mild cognitive impairment to Alzheimer's disease?,It is difficult to determine to what extent the findings from the meta-analysis can be applied to clinical practice.,Cochrane Database of Systematic Reviews; Cochrane Database Syst Rev. 2015 Jan 28;1(1):CD010632. doi: 10.1002/14651858.CD010632.pub2.,PMID:25629415 | CD010632.pub2 | doi:10.1002/14651858.CD010632.pub2,2015-01,diagnosis,biomarkers,True,False,,,
ADQ-44d10f70273f,Is the (11)C-PIB-PET scan effective in diagnosing early Alzheimer's disease dementia?,"Although the good sensitivity achieved in some included studies is promising for the value of (11)C-PIB-PET, given the heterogeneity in the conduct and interpretation of the test and the lack of defined thresholds for determination of test...",Cochrane Database of Systematic Reviews; Cochrane Database Syst Rev. 2014 Jul 23;2014(7):CD010386. doi: 10.1002/14651858.CD010386.pub2.,PMID:25052054 | CD010386.pub2 | doi:10.1002/14651858.CD010386.pub2,2014-07,diagnosis,biomarkers,True,True,,,
ADQ-3f049cd4bc2d,Do statins improve cognitive function in Alzheimer's disease or vascular dementia?,"Analyses from the studies available, including two large randomised controlled trials, indicate that statins have no benefit on the primary outcome measures of ADAS-Cog or MMSE.",Cochrane Database of Systematic Reviews; Cochrane Database Syst Rev. 2014 Jul 8;(7):CD007514. doi: 10.1002/14651858.CD007514.pub3.,PMID:25004278 | CD007514.pub3 | doi:10.1002/14651858.CD007514.pub3,2014-07,mechanism,genetics,True,False,,,
ADQ-7c94dbae578f,Are plasma and CSF Aß levels accurate for detecting patients with mild cognitive impairment who will develop Alzheimer's disease dementia?,"The proposed diagnostic criteria for prodromal dementia and MCI due to Alzheimer's disease, although still being debated, would be fulfilled where there is both core clinical and cognitive criteria and a single biomarker abnormality.",Cochrane Database of Systematic Reviews; Cochrane Database Syst Rev. 2014 Jun 10;2014(6):CD008782. doi: 10.1002/14651858.CD008782.pub4.,PMID:24913723 | CD008782.pub4 | doi:10.1002/14651858.CD008782.pub4,2014-06,diagnosis,biomarkers,True,False,,,
ADQ-eb389efd27bf,Do drug treatments improve sleep disorders in people with Alzheimer's disease?,We discovered a distinct lack of evidence to help guide drug treatment of sleep problems in AD.,Cochrane Database of Systematic Reviews; Cochrane Database Syst Rev. 2014 Mar 21;(3):CD009178. doi: 10.1002/14651858.CD009178.pub2.,PMID:24659320 | CD009178.pub2 | doi:10.1002/14651858.CD009178.pub2,2014-03,management,neuropsychiatric_symptoms,True,True,,,
ADQ-b8edbd81b12a,Are metal protein attenuating compounds effective for treating cognitive impairment in Alzheimer's dementia?,"There is an absence of evidence as to whether clioquinol (PBT1) has any positive clinical benefit for patients with AD, or whether the drug is safe.",Cochrane Database of Systematic Reviews; Cochrane Database Syst Rev. 2014 Feb 21;(2):CD005380. doi: 10.1002/14651858.CD005380.pub5.,PMID:24563468 | CD005380.pub5 | doi:10.1002/14651858.CD005380.pub5,2014-02,treatment,pharmacological,True,True,,,
ADQ-87188406561a,Is galantamine effective in treating vascular cognitive impairment or vascular dementia?,Limited data were available when considering the impact of galantamine on vascular dementia or vascular cognitive impairment.,Cochrane Database of Systematic Reviews; Cochrane Database Syst Rev. 2006 Jan 25;(4):CD004746. doi: 10.1002/14651858.CD004746.pub2.,PMID:23862185 | CD004746.pub2 | doi:10.1002/14651858.CD004746.pub2,2006-01,treatment,pharmacological,True,False,,,
ADQ-892088c1c429,Does cognitive training improve outcomes for people with mild Alzheimer's disease or vascular dementia?,"Available evidence regarding cognitive training remains limited, and the quality of the evidence needs to improve.",Cochrane Database of Systematic Reviews; Cochrane Database Syst Rev. 2013 Jun 5;2013(6):CD003260. doi: 10.1002/14651858.CD003260.pub2.,PMID:23740535 | CD003260.pub2 | doi:10.1002/14651858.CD003260.pub2,2013-06,management,caregiving,True,False,,,
ADQ-4ad8a5197cc5,Is rivastigmine effective in treating vascular cognitive impairment or vascular dementia?,There is some evidence of benefit of rivastigmine in VCI from trial data from three studies.,Cochrane Database of Systematic Reviews; Cochrane Database Syst Rev. 2013 May 31;(5):CD004744. doi: 10.1002/14651858.CD004744.pub3.,PMID:23728651 | CD004744.pub3 | doi:10.1002/14651858.CD004744.pub3,2013-05,treatment,pharmacological,True,False,,,
ADQ-0973ceb82fdc,Can older people with dementia safely stop taking antipsychotic medications?,Our findings suggest that many older people with Alzheimer's dementia and NPS can be withdrawn from chronic antipsychotic medication without detrimental effects on their behaviour.,Cochrane Database of Systematic Reviews; Cochrane Database Syst Rev. 2013 Mar 28;(3):CD007726. doi: 10.1002/14651858.CD007726.pub2.,PMID:23543555 | CD007726.pub2 | doi:10.1002/14651858.CD007726.pub2,2013-03,management,neuropsychiatric_symptoms,True,False,,,
ADQ-6de417cf1fc3,Is huperzine A effective and safe for treating mild cognitive impairment?,The currently available evidence is insufficient to assess the potential for huperzine A in the treatment of MCI.,Cochrane Database of Systematic Reviews; Cochrane Database Syst Rev. 2012 Dec 12;12(12):CD008827. doi: 10.1002/14651858.CD008827.pub2.,PMID:23235666 | CD008827.pub2 | doi:10.1002/14651858.CD008827.pub2,2012-12,treatment,pharmacological,True,True,,,
ADQ-6d6365171bd4,Is vitamin E effective in treating Alzheimer's disease or preventing mild cognitive impairment from progressing to dementia?,No convincing evidence that vitamin E is of benefit in the treatment of AD or MCI.,Cochrane Database of Systematic Reviews; Cochrane Database Syst Rev. 2012 Nov 14;11(11):CD002854. doi: 10.1002/14651858.CD002854.pub3.,PMID:23152215 | CD002854.pub3 | doi:10.1002/14651858.CD002854.pub3,2012-11,prevention,risk_reduction,True,False,,,
ADQ-c00e2dbf3a00,Do metal protein attenuating compounds help improve cognitive function in Alzheimer's dementia?,"There is an absence of evidence as to whether clioquinol (PBT1) has any positive clinical benefit for patients with AD, or whether the drug is safe.",Cochrane Database of Systematic Reviews; Cochrane Database Syst Rev. 2012 May 16;5(5):CD005380. doi: 10.1002/14651858.CD005380.pub4.,PMID:22592705 | CD005380.pub4 | doi:10.1002/14651858.CD005380.pub4,2012-05,treatment,pharmacological,True,True,,,
ADQ-1b40adeef897,Do aspirin and anti-inflammatory drugs effectively treat Alzheimer's disease?,"Based on the studies carried out so far, the efficacy of aspirin, steroid and NSAIDs (traditional NSAIDs and COX-2 inhibitors) is not proven.",Cochrane Database of Systematic Reviews; Cochrane Database Syst Rev. 2012 Feb 15;2012(2):CD006378. doi: 10.1002/14651858.CD006378.pub2.,PMID:22336816 | CD006378.pub2 | doi:10.1002/14651858.CD006378.pub2,2012-02,treatment,pharmacological,True,False,,,
ADQ-12073e0abbd2,Are antidepressants effective and safe for treating agitation and psychosis in older adults with dementia?,Currently there are relatively few studies of antidepressants for the treatment of agitation and psychosis in dementia.,Cochrane Database of Systematic Reviews; Cochrane Database Syst Rev. 2011 Feb 16;(2):CD008191. doi: 10.1002/14651858.CD008191.pub2.,PMID:21328305 | CD008191.pub2 | doi:10.1002/14651858.CD008191.pub2,2011-02,management,neuropsychiatric_symptoms,True,False,,,
ADQ-df1b2e5cbc14,Are statins effective in treating dementia?,There is insufficient evidence to recommend statins for the treatment of dementia.,Cochrane Database of Systematic Reviews; Cochrane Database Syst Rev. 2010 Aug 4;(8):CD007514. doi: 10.1002/14651858.CD007514.pub2.,PMID:20687089 | CD007514.pub2 | doi:10.1002/14651858.CD007514.pub2,2010-08,treatment,pharmacological,True,False,,,
ADQ-ad2a8ab0fa39,Do Special Care Units improve behavioral problems in dementia patients?,"There are no identified RCTs investigating the effects of SCUs on behavioural symptoms in dementia, and no strong evidence of benefit from the available non-RCTs.",Cochrane Database of Systematic Reviews; Cochrane Database Syst Rev. 2009 Oct 7;(4):CD006470. doi: 10.1002/14651858.CD006470.pub2.,PMID:19821370 | CD006470.pub2 | doi:10.1002/14651858.CD006470.pub2,2009-10,management,neuropsychiatric_symptoms,True,False,,,
ADQ-974d2e694e78,Does lowering blood pressure in older adults prevent cognitive decline and dementia?,There is no convincing evidence from the trials identified that blood pressure lowering in late-life prevents the development of dementia or cognitive impairment in hypertensive patients with no apparent prior cerebrovascular disease.,Cochrane Database of Systematic Reviews; Cochrane Database Syst Rev. 2009 Oct 7;2009(4):CD004034. doi: 10.1002/14651858.CD004034.pub3.,PMID:19821318 | CD004034.pub3 | doi:10.1002/14651858.CD004034.pub3,2009-10,prevention,risk_reduction,True,False,,,
ADQ-f50b910f6dd1,Are cannabinoids clinically effective in treating dementia?,More randomized double-blind placebo controlled trials are needed to determine whether cannabinoids are clinically effective in the treatment of dementia.,Cochrane Database of Systematic Reviews; Cochrane Database Syst Rev. 2009 Apr 15;2009(2):CD007204. doi: 10.1002/14651858.CD007204.pub2.,PMID:19370677 | CD007204.pub2 | doi:10.1002/14651858.CD007204.pub2,2009-04,treatment,pharmacological,True,False,,,
ADQ-f24c51261ad5,Do statins help prevent dementia?,There is good evidence from RCTs that statins given in late life to individuals at risk of vascular disease have no effect in preventing AD or dementia.,Cochrane Database of Systematic Reviews; Cochrane Database Syst Rev. 2009 Apr 15;(2):CD003160. doi: 10.1002/14651858.CD003160.pub2.,PMID:19370582 | CD003160.pub2 | doi:10.1002/14651858.CD003160.pub2,2009-04,prevention,risk_reduction,True,False,,,
ADQ-312855c07555,Is rivastigmine effective and safe for treating Alzheimer's dementia in people with Down Syndrome?,"As there are no included trials, recommendations cannot be made about rivastigmine for AD in DS.",Cochrane Database of Systematic Reviews; Cochrane Database Syst Rev. 2009 Jan 21;2009(1):CD007658. doi: 10.1002/14651858.CD007658.,PMID:19160344 | CD007658 | doi:10.1002/14651858.CD007658,2009-01,treatment,pharmacological,False,True,,,
ADQ-06bef4f0b87f,Is donepezil effective and safe for people with Down syndrome who develop Alzheimer's dementia?,To date there is only one small randomised controlled study on the effect of donepezil.,Cochrane Database of Systematic Reviews; Cochrane Database Syst Rev. 2009 Jan 21;2009(1):CD007178. doi: 10.1002/14651858.CD007178.pub2.,PMID:19160328 | CD007178.pub2 | doi:10.1002/14651858.CD007178.pub2,2009-01,treatment,pharmacological,True,True,,,
ADQ-bcd532d64bbc,Does estrogen replacement therapy help improve cognitive function in postmenopausal women with dementia?,"Currently, HRT or ERT for cognitive improvement or maintenance is not indicated for women with AD.",Cochrane Database of Systematic Reviews; Cochrane Database Syst Rev. 2009 Jan 21;2009(1):CD003799. doi: 10.1002/14651858.CD003799.pub2.,PMID:19160224 | CD003799.pub2 | doi:10.1002/14651858.CD003799.pub2,2009-01,treatment,non_pharmacological,True,False,,,
ADQ-d34f7396ad2f,Does folic acid supplementation help prevent cognitive impairment in the elderly?,"The small number of studies which have been done provide no consistent evidence either way that folic acid, with or without vitamin B12, has a beneficial effect on cognitive function of unselected healthy or cognitively impaired older...",Cochrane Database of Systematic Reviews; Cochrane Database Syst Rev. 2008 Oct 8;(4):CD004514. doi: 10.1002/14651858.CD004514.pub2.,PMID:18843658 | CD004514.pub2 | doi:10.1002/14651858.CD004514.pub2,2008-10,prevention,risk_reduction,True,True,,,
ADQ-97437d71e5f8,Is Huperzine A effective and safe for treating Alzheimer's disease?,"From the available evidence, Huperzine A seems to have some beneficial effects on improvement of general cognitive function, global clinical status, behavioral disturbance and functional performance, with no obvious serious adverse events...",Cochrane Database of Systematic Reviews; Cochrane Database Syst Rev. 2008 Apr 16;(2):CD005592. doi: 10.1002/14651858.CD005592.pub2.,PMID:18425924 | CD005592.pub2 | doi:10.1002/14651858.CD005592.pub2,2008-04,treatment,pharmacological,True,True,,,
ADQ-e333780537fa,Are metal protein attenuating compounds effective in treating cognitive impairment in Alzheimer's disease?,"There is an absence of evidence as to whether clioquinol (PBT1) has any positive clinical benefit for patients with AD, or whether the drug is safe.",Cochrane Database of Systematic Reviews; Cochrane Database Syst Rev. 2008 Jan 23;(1):CD005380. doi: 10.1002/14651858.CD005380.pub3.,PMID:18254079 | CD005380.pub3 | doi:10.1002/14651858.CD005380.pub3,2008-01,treatment,pharmacological,True,True,,,
ADQ-2471c8c0f154,Do health and social interventions effectively support carers of people with Alzheimer's-type dementias?,"With the limited nature of the research evidence in mind, it is not possible to recommend either wholesale investment in caregiver support programmes or withdrawal of the same.",Cochrane Database of Systematic Reviews; Cochrane Database Syst Rev. 2007 Jul 18;(3):CD000454. doi: 10.1002/14651858.CD000454.,PMID:17636637 | CD000454 | doi:10.1002/14651858.CD000454,2007-07,management,caregiving,False,True,,,
ADQ-6fa252b11b5c,Does DHEA or DHEAS improve cognitive function in older adults or those with dementia?,The data offer no support at present for an improvement in memory or other aspects of cognitive function following DHEA treatment in normal older people.,Cochrane Database of Systematic Reviews; Cochrane Database Syst Rev. 2007 Jul 18;2006(2):CD000304. doi: 10.1002/14651858.CD000304.pub2.,PMID:17636627 | CD000304.pub2 | doi:10.1002/14651858.CD000304.pub2,2007-07,general,unclassified,True,False,,,
ADQ-8cef76b68a6f,Is tacrine an effective treatment for the symptoms of Alzheimer's disease?,"However, as so few trials presented data in a format suitable for pooling, the results of this review may be modified when further data from all relevant trials are included.",Cochrane Database of Systematic Reviews; Cochrane Database Syst Rev. 2007 Jul 18;(3):CD000202. doi: 10.1002/14651858.CD000202.,PMID:17636619 | CD000202 | doi:10.1002/14651858.CD000202,2007-07,treatment,pharmacological,False,False,,,
ADQ-b848dd75752e,Does donepezil help improve cognitive function in people with mild cognitive impairment?,There are two included studies.,Cochrane Database of Systematic Reviews; Cochrane Database Syst Rev. 2006 Jul 19;(3):CD006104. doi: 10.1002/14651858.CD006104.,PMID:16856114 | CD006104 | doi:10.1002/14651858.CD006104,2006-07,diagnosis,diagnostic_accuracy,False,False,,,
ADQ-c2b84aae6dfc,Does lowering blood pressure help prevent dementia in people with hypertension?,There was no convincing evidence from the trials identified that blood pressure lowering prevents the development of dementia or cognitive impairment in hypertensive patients with no apparent prior cerebrovascular disease.,Cochrane Database of Systematic Reviews; Cochrane Database Syst Rev. 2006 Apr 19;(2):CD004034. doi: 10.1002/14651858.CD004034.pub2.,PMID:16625595 | CD004034.pub2 | doi:10.1002/14651858.CD004034.pub2,2006-04,prevention,risk_reduction,True,False,,,
ADQ-9fa3d7c73c53,Is metrifonate effective for improving symptoms in patients with Alzheimer's disease?,"Metrifonate given once per day appears to be related to clinical response in cognition, global improvement, and activities of daily living in patients with mild to moderate Alzheimer's disease.",Cochrane Database of Systematic Reviews; Cochrane Database Syst Rev. 2006 Apr 19;(2):CD003155. doi: 10.1002/14651858.CD003155.pub3.,PMID:16625573 | CD003155.pub3 | doi:10.1002/14651858.CD003155.pub3,2006-04,disease_course,progression,True,False,,,
ADQ-00c9d3d98a10,Does memantine provide any benefit for people with dementia?,Memantine has a small beneficial effect at six months in moderate to severe AD.,Cochrane Database of Systematic Reviews; Cochrane Database Syst Rev. 2006 Apr 19;(2):CD003154. doi: 10.1002/14651858.CD003154.pub5.,PMID:16625572 | CD003154.pub5 | doi:10.1002/14651858.CD003154.pub5,2006-04,treatment,pharmacological,True,False,,,
ADQ-0d3b934ecb62,Are cholinesterase inhibitors effective for treating mild to moderate Alzheimer's disease?,The three cholinesterase inhibitors are efficacious for mild to moderate Alzheimer's disease.,Cochrane Database of Systematic Reviews; Cochrane Database Syst Rev. 2006 Jan 25;2006(1):CD005593. doi: 10.1002/14651858.CD005593.,PMID:16437532 | CD005593 | doi:10.1002/14651858.CD005593,2006-01,treatment,pharmacological,False,False,,,
ADQ-e4f94f853e3f,Is clioquinol effective in treating cognitive impairment in Alzheimer's disease?,It is not clear from the trial that clioquinol shows any positive clinical result on patients with AD.,Cochrane Database of Systematic Reviews; Cochrane Database Syst Rev. 2006 Jan 25;(1):CD005380. doi: 10.1002/14651858.CD005380.pub2.,PMID:16437529 | CD005380.pub2 | doi:10.1002/14651858.CD005380.pub2,2006-01,treatment,pharmacological,True,True,,,
ADQ-3d7734df06bb,Does galantamine improve cognitive function in patients with vascular dementia?,Limited data were available when considering the impact of galantamine on vascular dementia or vascular cognitive impairment.,Cochrane Database of Systematic Reviews; Cochrane Database Syst Rev. 2006 Jan 25;2006(1):CD004746. doi: 10.1002/14651858.CD004746.pub2.,PMID:16437493 | CD004746.pub2 | doi:10.1002/14651858.CD004746.pub2,2006-01,treatment,pharmacological,True,True,,,
ADQ-0b4ae985106f,"Do atypical antipsychotics help reduce aggression, agitation, and psychosis in Alzheimer's patients?","Evidence suggests that risperidone and olanzapine are useful in reducing aggression and risperidone reduces psychosis, but both are associated with serious adverse cerebrovascular events and extra-pyramidal symptoms.",Cochrane Database of Systematic Reviews; Cochrane Database Syst Rev. 2006 Jan 25;2006(1):CD003476. doi: 10.1002/14651858.CD003476.pub2.,PMID:16437455 | CD003476.pub2 | doi:10.1002/14651858.CD003476.pub2,2006-01,management,neuropsychiatric_symptoms,True,False,,,
ADQ-57b72f57a492,Does galantamine have positive effects on patients with mild cognitive impairment or Alzheimer's disease?,"Subjects in these trials were similar to those seen in earlier anti dementia AD trials, consisting primarily of mildly to moderately impaired outpatients.",Cochrane Database of Systematic Reviews; Cochrane Database Syst Rev. 2006 Jan 25;2006(1):CD001747. doi: 10.1002/14651858.CD001747.pub3.,PMID:16437436 | CD001747.pub3 | doi:10.1002/14651858.CD001747.pub3,2006-01,treatment,pharmacological,True,False,,,
ADQ-4c684b482b73,Does donepezil improve the well-being of patients with dementia due to Alzheimer's disease?,"People with mild, moderate or severe dementia due to Alzheimer's disease treated for periods of 12, 24 or 52 weeks with donepezil experienced benefits in cognitive function, activities of daily living and behaviour.",Cochrane Database of Systematic Reviews; Cochrane Database Syst Rev. 2006 Jan 25;(1):CD001190. doi: 10.1002/14651858.CD001190.pub2.,PMID:16437430 | CD001190.pub2 | doi:10.1002/14651858.CD001190.pub2,2006-01,treatment,pharmacological,True,False,,,
ADQ-26ca63f167ee,Does memantine have a beneficial effect on dementia patients?,Published data suggest a small beneficial effect of memantine at six months in moderate to severe AD.,Cochrane Database of Systematic Reviews; Cochrane Database Syst Rev. 2005 Jul 20;(3):CD003154. doi: 10.1002/14651858.CD003154.pub4.,PMID:16034889 | CD003154.pub4 | doi:10.1002/14651858.CD003154.pub4,2005-07,treatment,pharmacological,True,False,,,
ADQ-c8c85ae6f148,Is rivastigmine effective in treating vascular cognitive impairment?,From existing trial data there is some evidence of benefit of rivastigmine in vascular cognitive impairment.,Cochrane Database of Systematic Reviews; Cochrane Database Syst Rev. 2005 Apr 18;(2):CD004744. doi: 10.1002/14651858.CD004744.pub2.,PMID:15846730 | CD004744.pub2 | doi:10.1002/14651858.CD004744.pub2,2005-04,treatment,pharmacological,True,False,,,
ADQ-a284d6f2d590,Is trazodone effective and safe for treating behavioral issues in people with dementia?,There is insufficient evidence to recommend the use of trazodone as a treatment for behavioural and psychological manifestations of dementia.,Cochrane Database of Systematic Reviews; Cochrane Database Syst Rev. 2004 Oct 18;(4):CD004990. doi: 10.1002/14651858.CD004990.,PMID:15495135 | CD004990 | doi:10.1002/14651858.CD004990,2004-10,diagnosis,diagnostic_accuracy,False,False,,,
ADQ-5b40bff463c9,Does memantine improve symptoms in patients with Alzheimer's or vascular dementia?,:Memantine 20 mg/day caused a clinically noticeable reduction in deterioration over 28 weeks in patients with moderate to severe Alzheimer disease.,Cochrane Database of Systematic Reviews; Cochrane Database Syst Rev. 2004 Oct 18;(4):CD003154. doi: 10.1002/14651858.CD003154.pub2.,PMID:15495043 | CD003154.pub2 | doi:10.1002/14651858.CD003154.pub2,2004-10,treatment,pharmacological,True,False,,,
ADQ-b5d49cbb5553,Does galantamine have positive effects on patients with Alzheimer's disease?,"Subjects in these trials were similar to those seen in earlier anti dementia AD trials, consisting primarily of mildly to moderately impaired outpatients.",Cochrane Database of Systematic Reviews; Cochrane Database Syst Rev. 2004 Oct 18;(4):CD001747. doi: 10.1002/14651858.CD001747.pub2.,PMID:15495017 | CD001747.pub2 | doi:10.1002/14651858.CD001747.pub2,2004-10,treatment,pharmacological,True,False,,,
ADQ-37b7f87b907d,Is velnacrine effective and safe for treating Alzheimer's disease?,There has been no research into the use of velnacrine as a cognitive enhancer in the treatment of Alzheimer's disease since 1994.,Cochrane Database of Systematic Reviews; Cochrane Database Syst Rev. 2004;(2):CD004748. doi: 10.1002/14651858.CD004748.,PMID:15106259 | CD004748 | doi:10.1002/14651858.CD004748,2004,treatment,pharmacological,False,False,,,
ADQ-9031883a8237,Does donepezil improve cognitive function in people with vascular cognitive impairment?,"Evidence from the available studies support the benefit of donepezil in improving cognition function, clinical global impression and activities of daily living in patients with probable or possible mild to moderate vascular cognitive...",Cochrane Database of Systematic Reviews; Cochrane Database Syst Rev. 2004;(1):CD004395. doi: 10.1002/14651858.CD004395.pub2.,PMID:14974068 | CD004395.pub2 | doi:10.1002/14651858.CD004395.pub2,2004,treatment,pharmacological,True,False,,,
ADQ-ed1b1dec0052,Is alpha lipoic acid effective in treating dementia?,"In the absence of randomized double-blind placebo-controlled trials investigating ALA for dementia, no evidence exists to explore any potential effects.",Cochrane Database of Systematic Reviews; Cochrane Database Syst Rev. 2004;(1):CD004244. doi: 10.1002/14651858.CD004244.pub2.,PMID:14974062 | CD004244.pub2 | doi:10.1002/14651858.CD004244.pub2,2004,treatment,pharmacological,True,True,,,
ADQ-c02aaa826d93,Can folic acid supplementation help prevent cognitive decline in elderly individuals?,There was no beneficial effect of 750 mcg of folic acid per day on measures of cognition or mood in older healthy women.,Cochrane Database of Systematic Reviews; Cochrane Database Syst Rev. 2003;(4):CD004514. doi: 10.1002/14651858.CD004514.,PMID:14584018 | CD004514 | doi:10.1002/14651858.CD004514,2003,prevention,risk_reduction,False,False,,,
ADQ-913109be87ae,Does vitamin B6 supplementation reduce the risk of cognitive impairment in older adults?,"For the older people included in one of the two trials included in the review, oral vitamin B6 supplements improved biochemical indices of vitamin B6 status, but potential effects on blood homocysteine levels were not assessed in either...",Cochrane Database of Systematic Reviews; Cochrane Database Syst Rev. 2003;(4):CD004393. doi: 10.1002/14651858.CD004393.,PMID:14584010 | CD004393 | doi:10.1002/14651858.CD004393,2003,diagnosis,diagnostic_accuracy,False,False,,,
ADQ-91c2f07bcd6f,Do cognitive training and rehabilitation interventions improve memory functioning in early-stage Alzheimer's disease or vascular dementia?,"The present findings do not provide strong support for the use of cognitive training interventions for people with early-stage AD or vascular dementia, although these findings must be viewed with caution due to the limited number of RCTs...",Cochrane Database of Systematic Reviews; Cochrane Database Syst Rev. 2003;(4):CD003260. doi: 10.1002/14651858.CD003260.,PMID:14583963 | CD003260 | doi:10.1002/14651858.CD003260,2003,treatment,non_pharmacological,False,True,,,
ADQ-3c429a38313a,Does vitamin B12 supplementation improve cognitive function in elderly people?,Evidence of any efficacy of vitamin B12 in improving the cognitive function of people with dementia and low serum B12 levels is insufficient.,Cochrane Database of Systematic Reviews; Cochrane Database Syst Rev. 2003;(3):CD004326. doi: 10.1002/14651858.CD004326.,PMID:12918012 | CD004326 | doi:10.1002/14651858.CD004326,2003,prevention,risk_reduction,False,False,,,
ADQ-6d4d6b4a05f1,Can transcutaneous electrical nerve stimulation (TENS) improve symptoms of dementia?,"Although a number of studies suggest that TENS may produce short lived improvements in some neuropsychological or behavioural aspects of dementia, the limited presentation and availability of data from these studies does not allow definite...",Cochrane Database of Systematic Reviews; Cochrane Database Syst Rev. 2003;2003(3):CD004032. doi: 10.1002/14651858.CD004032.,PMID:12917999 | CD004032 | doi:10.1002/14651858.CD004032,2003,treatment,non_pharmacological,False,True,,,
ADQ-066cbb988106,Does memantine improve cognitive function in patients with Alzheimer's disease or vascular dementia?,There is a beneficial effect of memantine (20 mg/day) for patients with moderate to severe Alzheimer disease on cognition and functional decline but not in the clinical impression of change.,Cochrane Database of Systematic Reviews; Cochrane Database Syst Rev. 2003;(3):CD003154. doi: 10.1002/14651858.CD003154.,PMID:12917950 | CD003154 | doi:10.1002/14651858.CD003154,2003,treatment,pharmacological,False,False,,,
ADQ-3bb540a2dd92,Does lecithin help in treating dementia or cognitive impairment?,Evidence from randomized trials does not support the use of lecithin in the treatment of patients with dementia.,Cochrane Database of Systematic Reviews; Cochrane Database Syst Rev. 2003;(3):CD001015. doi: 10.1002/14651858.CD001015.,PMID:12917896 | CD001015 | doi:10.1002/14651858.CD001015,2003,treatment,pharmacological,False,False,,,
ADQ-0d06ba3b3c4c,Is ibuprofen effective in treating Alzheimer's disease?,No evidence yet exists from randomized double-blind and placebo-controlled trials on whether ibuprofen is efficacious for patients diagnosed as having Alzheimer's disease.,Cochrane Database of Systematic Reviews; Cochrane Database Syst Rev. 2003;(2):CD004031. doi: 10.1002/14651858.CD004031.,PMID:12804498 | CD004031 | doi:10.1002/14651858.CD004031,2003,treatment,pharmacological,False,True,,,
ADQ-4ecba3717252,Is Acetyl-l-carnitine effective in treating dementia?,"There is evidence for benefit of ALC on clinical global impression, but there was no evidence using objective assessments in any other area of outcome.",Cochrane Database of Systematic Reviews; Cochrane Database Syst Rev. 2003;2003(2):CD003158. doi: 10.1002/14651858.CD003158.,PMID:12804452 | CD003158 | doi:10.1002/14651858.CD003158,2003,treatment,pharmacological,False,False,,,
ADQ-a0ff5baee806,Is propentofylline effective and safe for treating dementia?,"There is limited evidence that propentofylline might benefit cognition, global function and activities of daily living of people with Alzheimer's disease and/or vascular dementia.",Cochrane Database of Systematic Reviews; Cochrane Database Syst Rev. 2003;(2):CD002853. doi: 10.1002/14651858.CD002853.,PMID:12804440 | CD002853 | doi:10.1002/14651858.CD002853,2003,treatment,pharmacological,False,False,,,
ADQ-ec37e7e55327,Is memantine effective and safe for treating dementia in older adults?,"Memantine is a safe drug and may be useful for treating Alzheimer's, vascular,and mixed dementia of all severities.",Cochrane Database of Systematic Reviews; Cochrane Database Syst Rev. 2003;(1):CD003154. doi: 10.1002/14651858.CD003154.,PMID:12535459 | CD003154 | doi:10.1002/14651858.CD003154,2003,treatment,pharmacological,False,False,,,
ADQ-db2ec001ac14,Is vinpocetine effective for treating cognitive impairment in dementia patients?,"Although the basic science is interesting, the evidence for beneficial effect of vinpocetine on patients with dementia is inconclusive and does not support clinical use.",Cochrane Database of Systematic Reviews; Cochrane Database Syst Rev. 2003;2003(1):CD003119. doi: 10.1002/14651858.CD003119.,PMID:12535455 | CD003119 | doi:10.1002/14651858.CD003119,2003,treatment,pharmacological,False,False,,,
ADQ-703385fe70e7,Does selegiline improve the well-being of patients with Alzheimer's disease?,"Despite its initial promise, ie the potential neuroprotective properties, and its role in the treatment of Parkinson's disease sufferers, selegiline for Alzheimer's disease has proved disappointing.",Cochrane Database of Systematic Reviews; Cochrane Database Syst Rev. 2003;(1):CD000442. doi: 10.1002/14651858.CD000442.,PMID:12535396 | CD000442 | doi:10.1002/14651858.CD000442,2003,general,unclassified,False,False,,,
ADQ-dd542aa0a7d8,Is nimodipine effective in treating dementia symptoms in Alzheimer's and cerebrovascular disease?,"Nimodipine can be of some benefit in the treatment of patients with features of dementia due to unclassified disease or to Alzheimer's disease, cerebrovascular disease, or mixed Alzheimer's and cerebrovascular disease.",Cochrane Database of Systematic Reviews; Cochrane Database Syst Rev. 2002;(3):CD000147. doi: 10.1002/14651858.CD000147.,PMID:12137606 | CD000147 | doi:10.1002/14651858.CD000147,2002,treatment,pharmacological,False,False,,,
ADQ-79083820f4f2,Is indomethacin effective in treating Alzheimer's disease?,"On the basis of this one trial and subsequent analysis of data as reported by the authors, indomethacin cannot be recommended for the treatment of mild to moderate severity Alzheimer's disease.",Cochrane Database of Systematic Reviews; Cochrane Database Syst Rev. 2002;2002(2):CD003673. doi: 10.1002/14651858.CD003673.,PMID:12076498 | CD003673 | doi:10.1002/14651858.CD003673,2002,treatment,pharmacological,False,False,,,
ADQ-a3393701b10e,Is D-cycloserine effective for treating Alzheimer's disease?,The lack of a positive effect of D-cycloserine on cognitive outcomes in controlled clinical trials with statistical power high enough to detect a clinically meaningful effect means that D-cycloserine has no place in the treatment of...,Cochrane Database of Systematic Reviews; Cochrane Database Syst Rev. 2002;2002(2):CD003153. doi: 10.1002/14651858.CD003153.,PMID:12076471 | CD003153 | doi:10.1002/14651858.CD003153,2002,treatment,pharmacological,False,False,,,
ADQ-d7e26f001999,Does statin therapy reduce the risk of Alzheimer's disease?,: There is no good evidence to recommend statins for reducing the risk of Alzheimer's disease.,Cochrane Database of Systematic Reviews; Cochrane Database Syst Rev. 2001;(4):CD003160. doi: 10.1002/14651858.CD003160.,PMID:11687176 | CD003160 | doi:10.1002/14651858.CD003160,2001,treatment,non_pharmacological,False,False,,,
ADQ-6b236b38ecb9,Is nicergoline effective in treating dementia and cognitive decline in older adults?,The clinical studies on nicergoline were carried out with diverse criteria and modalities of evaluation.,Cochrane Database of Systematic Reviews; Cochrane Database Syst Rev. 2001;2001(4):CD003159. doi: 10.1002/14651858.CD003159.,PMID:11687175 | CD003159 | doi:10.1002/14651858.CD003159,2001,treatment,pharmacological,False,False,,,
ADQ-75a8b9996b8e,Does galantamine improve cognitive function in patients with Alzheimer's disease?,"Patients in these trials were similar to those seen in earlier antidementia AD trials, and consisted primarily of mildly to moderately impaired outpatients.",Cochrane Database of Systematic Reviews; Cochrane Database Syst Rev. 2001;(4):CD001747. doi: 10.1002/14651858.CD001747.,PMID:11687119 | CD001747 | doi:10.1002/14651858.CD001747,2001,treatment,pharmacological,False,False,,,
ADQ-35042a0e0518,Is nimodipine effective for treating symptoms of dementia?,"However, as so few of the trials presented data in a format suitable for pooling, the results of this review may be modified when further data from all relevant trials are included.",Cochrane Database of Systematic Reviews; Cochrane Database Syst Rev. 2001;(1):CD000147. doi: 10.1002/14651858.CD000147.,PMID:11279679 | CD000147 | doi:10.1002/14651858.CD000147,2001,treatment,pharmacological,False,False,,,
ADQ-5a47aa491771,Is physostigmine effective for treating symptoms of Alzheimer's disease?,The evidence of effectiveness of physostigmine for the symptomatic treatment of Alzheimer's disease is limited.,Cochrane Database of Systematic Reviews; Cochrane Database Syst Rev. 2001;2001(2):CD001499. doi: 10.1002/14651858.CD001499.,PMID:11405996 | CD001499 | doi:10.1002/14651858.CD001499,2001,epidemiology,risk_and_frequency,False,False,,,
ADQ-fea5e481277a,Does thiamine have an effect on Alzheimer's disease?,It is not possible to draw any conclusions from this review.,Cochrane Database of Systematic Reviews; Cochrane Database Syst Rev. 2001;(2):CD001498. doi: 10.1002/14651858.CD001498.,PMID:11405995 | CD001498 | doi:10.1002/14651858.CD001498,2001,general,unclassified,False,True,,,
ADQ-fa0be438d5cd,Is piracetam effective for treating dementia or cognitive impairment?,At this stage the evidence available from the published literature does not support the use of piracetam in the treatment of people with dementia or cognitive impairment.,Cochrane Database of Systematic Reviews; Cochrane Database Syst Rev. 2001;(2):CD001011. doi: 10.1002/14651858.CD001011.,PMID:11405971 | CD001011 | doi:10.1002/14651858.CD001011,2001,treatment,pharmacological,False,False,,,
ADQ-b9c484e060fe,Is hydergine effective in treating patients with possible dementia?,"As in an earlier systematic review, we found hydergine to show significant treatment effects when assessed by either global ratings or comprehensive rating scales (based here on a smaller set of trials than in the earlier published...",Cochrane Database of Systematic Reviews; Cochrane Database Syst Rev. 2001;(2):CD000359. doi: 10.1002/14651858.CD000359.,PMID:11405961 | CD000359 | doi:10.1002/14651858.CD000359,2001,treatment,pharmacological,False,True,,,
ADQ-9f31485c8786,Does vitamin E treatment have a beneficial effect on people with Alzheimer's disease?,There is insufficient evidence of efficacy of vitamin E in the treatment of people with with Alzheimer's disease.,Cochrane Database of Systematic Reviews; Cochrane Database Syst Rev. 2000;(4):CD002854. doi: 10.1002/14651858.CD002854.,PMID:11034775 | CD002854 | doi:10.1002/14651858.CD002854,2000,treatment,pharmacological,False,True,,,
ADQ-f41e610d5844,Does donepezil improve the well-being of patients with mild or moderate Alzheimer's disease?,"In selected patients with mild or moderate Alzheimer's disease treated for periods of 12, 24 or 52 weeks, donepezil produced modest improvements in cognitive function and study clinicians rated global clinical state more positively in...",Cochrane Database of Systematic Reviews; Cochrane Database Syst Rev. 2000;(4):CD001190. doi: 10.1002/14651858.CD001190.,PMID:11034704 | CD001190 | doi:10.1002/14651858.CD001190,2000,treatment,pharmacological,False,False,,,
ADQ-f16bc92a0eec,Is thiamine an effective treatment for Alzheimer's disease?,The data are so poor and sparse that it is difficult to state almost anything of its effect in Alzheimer's disease.,Cochrane Database of Systematic Reviews; Cochrane Database Syst Rev. 2000;(2):CD001498. doi: 10.1002/14651858.CD001498.,PMID:10796655 | CD001498 | doi:10.1002/14651858.CD001498,2000,treatment,pharmacological,False,False,,,
ADQ-cdafa5328f80,Does hydergine have a significant effect on patients with possible dementia?,"As in an earlier systematic review, we found hydergine to show significant treatment effects when assessed by either global ratings or comprehensive rating scales (based here on a smaller set of trials than in the earlier published...",Cochrane Database of Systematic Reviews; Cochrane Database Syst Rev. 2000;2000(2):CD000359. doi: 10.1002/14651858.CD000359.,PMID:10796534 | CD000359 | doi:10.1002/14651858.CD000359,2000,general,unclassified,False,False,,,
ADQ-7474b2be5720,Does DHEA administration improve psychological well-being or cognitive function in older adults or individuals with dementia?,The data at present offer limited support for improvement in a sense of well-being following DHEA treatment.,Cochrane Database of Systematic Reviews; Cochrane Database Syst Rev. 2000;(2):CD000304. doi: 10.1002/14651858.CD000304.,PMID:10796526 | CD000304 | doi:10.1002/14651858.CD000304,2000,general,unclassified,False,True,,,
ADQ-4c5ced141d11,What is (are) Alzheimer disease ?,"Alzheimer disease (AD) is a degenerative disease of the brain that causes gradual loss of memory, judgment, and the ability to function socially.","NIH GARD (via MedQuAD, CC BY 4.0)",MedQuAD:2_GARD_QA/0000269 | qid:0000269-1 | CUI:C0002395 | https://rarediseases.info.nih.gov/gard/10254/alzheimer-disease,2026-09,disease_characteristics,definition,False,True,,,
ADQ-cde679d28855,"What is (are) Early-onset, autosomal dominant Alzheimer disease ?","Early-onset, autosomal dominant Alzheimer disease is a form of Alzheimer disease (AD) that develops before the age of 65.","NIH GARD (via MedQuAD, CC BY 4.0)",MedQuAD:2_GARD_QA/0002013 | qid:0002013-1 | CUI:C0002395 | https://rarediseases.info.nih.gov/gard/12798/early-onset-autosomal-dominant-alzheimer-disease,2026-09,disease_characteristics,definition,False,True,,,
ADQ-c53d5f40b0ba,"Is Early-onset, autosomal dominant Alzheimer disease inherited ?","Early-onset, autosomal dominant Alzheimer disease is inherited in an autosomal dominant manner.","NIH GARD (via MedQuAD, CC BY 4.0)",MedQuAD:2_GARD_QA/0002013 | qid:0002013-2 | CUI:C0002395 | https://rarediseases.info.nih.gov/gard/12798/early-onset-autosomal-dominant-alzheimer-disease,2026-09,mechanism,genetics,False,False,,,
ADQ-d322df9fbd1e,How many people are affected by Alzheimer disease ?,Alzheimer disease currently affects an estimated 2.4 million to 4.5 million Americans.,"NIH GHR (via MedQuAD, CC BY 4.0)",MedQuAD:3_GHR_QA/0000048 | qid:0000048-2 | CUI:C0002395 | https://ghr.nlm.nih.gov/condition/alzheimer-disease,2026-09,epidemiology,risk_and_frequency,False,False,,,
ADQ-68e24e06906f,What are the genetic changes related to Alzheimer disease ?,Most cases of early-onset Alzheimer disease are caused by gene mutations that can be passed from parent to child.,"NIH GHR (via MedQuAD, CC BY 4.0)",MedQuAD:3_GHR_QA/0000048 | qid:0000048-3 | CUI:C0002395 | https://ghr.nlm.nih.gov/condition/alzheimer-disease,2026-09,mechanism,genetics,False,False,,,
ADQ-79e66403c45c,Is Alzheimer disease inherited ?,"The early-onset form of Alzheimer disease is inherited in an autosomal dominant pattern, which means one copy of the altered gene in each cell is sufficient to cause the disorder.","NIH GHR (via MedQuAD, CC BY 4.0)",MedQuAD:3_GHR_QA/0000048 | qid:0000048-4 | CUI:C0002395 | https://ghr.nlm.nih.gov/condition/alzheimer-disease,2026-09,mechanism,genetics,False,False,,,
ADQ-fbc28973801a,What are the treatments for Alzheimer disease ?,"These resources address the diagnosis or management of Alzheimer disease: - Alzheimer's Disease Research Center, Washington University School of Medicine - Gene Review: Gene Review: Alzheimer Disease Overview - Gene Review: Gene Review:...","NIH GHR (via MedQuAD, CC BY 4.0)",MedQuAD:3_GHR_QA/0000048 | qid:0000048-5 | CUI:C0002395 | https://ghr.nlm.nih.gov/condition/alzheimer-disease,2026-09,treatment,pharmacological,False,False,,,
ADQ-b255b8b7cecb,What is (are) Alzheimer's Caregivers ?,Caring for someone who has Alzheimer's disease (AD) can be stressful and overwhelming.,"NIH MPlusHealthTopics (via MedQuAD, CC BY 4.0)",MedQuAD:4_MPlus_Health_Topics_QA/0000024 | qid:0000024-1 | CUI:C0002395 | https://www.nlm.nih.gov/medlineplus/alzheimerscaregivers.html,2026-09,management,caregiving,False,True,,,
ADQ-75f93f8a9cb7,What is (are) Alzheimer's Disease ?,Alzheimer's disease (AD) is the most common form of dementia among older people.,"NIH MPlusHealthTopics (via MedQuAD, CC BY 4.0)",MedQuAD:4_MPlus_Health_Topics_QA/0000025 | qid:0000025-1 | CUI:C0002395 | https://www.nlm.nih.gov/medlineplus/alzheimersdisease.html,2026-09,disease_characteristics,definition,False,True,,,
ADQ-e2ca9eeb16e0,What is the outlook for Alzheimer's Disease ?,"In very few families, people develop AD in their 30s, 40s, and 50s.","NIH NINDS (via MedQuAD, CC BY 4.0)",MedQuAD:6_NINDS_QA/0000017 | qid:0000017-3 | CUI:C0002395 | http://www.ninds.nih.gov/disorders/alzheimersdisease/alzheimersdisease.htm,2026-09,disease_course,progression,False,False,,,
ADQ-402df5af816d,How to diagnose Alzheimer's Caregiving ?,"Now that your family member or friend has received a diagnosis of Alzheimers disease, its important to learn as much as you can about the disease and how to care for someone who has it.","NIH NIHSeniorHealth (via MedQuAD, CC BY 4.0)",MedQuAD:7_SeniorHealth_QA/0000003 | qid:0000003-1 | CUI:C0002395 | http://nihseniorhealth.gov/alzheimerscare/toc.html,2026-09,management,caregiving,False,False,,,
ADQ-a9ce14e62a0c,What is (are) Alzheimer's Caregiving ?,Alzheimers disease is an illness of the brain.,"NIH NIHSeniorHealth (via MedQuAD, CC BY 4.0)",MedQuAD:7_SeniorHealth_QA/0000003 | qid:0000003-12 | CUI:C0002395 | http://nihseniorhealth.gov/alzheimerscare/toc.html,2026-09,management,caregiving,False,True,,,
ADQ-6cf39cb82e69,What are the treatments for Alzheimer's Caregiving ?,"Currently, no medication can cure Alzheimers disease, but four medicines are approved to treat the symptoms of the disease. - Aricept (donezepil)for all stages of Alzheimers - Exelon (rivastigmine)for mild to moderate Alzheimers - Razadyne...","NIH NIHSeniorHealth (via MedQuAD, CC BY 4.0)",MedQuAD:7_SeniorHealth_QA/0000003 | qid:0000003-14 | CUI:C0002395 | http://nihseniorhealth.gov/alzheimerscare/toc.html,2026-09,management,caregiving,False,False,,,
ADQ-b4429a6e8553,What causes Alzheimer's Disease ?,There are two types of Alzheimers diseaseearly-onset and late-onset.,"NIH NIHSeniorHealth (via MedQuAD, CC BY 4.0)",MedQuAD:7_SeniorHealth_QA/0000004 | qid:0000004-2 | CUI:C0002395 | http://nihseniorhealth.gov/alzheimersdisease/toc.html,2026-09,mechanism,aetiology,False,False,,,
ADQ-3db3412fc3f8,What are the symptoms of Alzheimer's Disease ?,Alzheimer's disease varies from person to person so not everyone will have the same symptoms.,"NIH NIHSeniorHealth (via MedQuAD, CC BY 4.0)",MedQuAD:7_SeniorHealth_QA/0000004 | qid:0000004-3 | CUI:C0002395 | http://nihseniorhealth.gov/alzheimersdisease/toc.html,2026-09,disease_course,symptoms,False,False,,,
ADQ-b72057cf3101,How to prevent Alzheimer's Disease ?,"Currently, no medicines or other treatments are known to prevent Alzheimers disease, but scientists are studying many possibilities.","NIH NIHSeniorHealth (via MedQuAD, CC BY 4.0)",MedQuAD:7_SeniorHealth_QA/0000004 | qid:0000004-4 | CUI:C0002395 | http://nihseniorhealth.gov/alzheimersdisease/toc.html,2026-09,prevention,risk_reduction,False,False,,,
ADQ-ee48a2e5fcec,How to diagnose Alzheimer's Disease ?,The only definitive way to diagnose Alzheimer's disease is to find out whether plaques and tangles exist in brain tissue.,"NIH NIHSeniorHealth (via MedQuAD, CC BY 4.0)",MedQuAD:7_SeniorHealth_QA/0000004 | qid:0000004-20 | CUI:C0002395 | http://nihseniorhealth.gov/alzheimersdisease/toc.html,2026-09,diagnosis,diagnostic_workup,False,False,,,
